,required,required,required,required,required,required,required,required,required,required,required,repeated,required,required,required,required,required,required,required,required,required
,uint32,uint32,uint32,uint32,uint32,uint32,uint32,string,string,uint32,uint32,uint32,uint32,int32,int32,string,string,int32,int32,int32,string
,id,guide_id,step,wait,complete,type,mode,name,path,follow,duration,showObject,data_1,data_2,data_3,str_1,str_2,direction,effectType,finger_to,iconPath
Mark,流水id,引导索引,步骤,等待服务端消息 0否 1是,完成引导消息,引导类型 1:UI界面 2:对话 3:战斗引导,引导方式 0:遮罩按钮点击 1:预先隐藏物体,索引名,目标路径,遮罩跟随 0否 1是,跟随时间（毫秒）,显示隐藏对象,"特殊数据 (type=1,data=CgTalk表的对话ID)","特殊数据 (type=1,data=CgTalk表的对话ID)","特殊数据 (type=1,data=CgTalk表的对话ID)",字符数据,字符数据,文字方向,指引特效类型,特效手指方向,精灵路径
自动寻路引导,10101,101,1,0,1,1,105,LeftTaskPanel,leftOn/Scroll View/Viewport/Content/task1,1,100,,1007,169,-40,,,2,0,0,
领取任务奖励引导,10201,102,1,0,1,1,104,LeftTaskPanel,leftOn/Scroll View/Viewport/Content/task1,1,100,,1016,169,-40,,,2,0,0,
时装引导,10301,103,1,0,0,1,104,MainCityNewPanel,1,0,0,,1011,-413,74,,,2,0,0,
时装引导,10302,103,2,0,0,1,104,NurturanceAttributePanel,Detailpage/leftBtn/Fashion,0,0,,1012,-175,-96,,,1,0,0,
时装引导,10303,103,3,0,0,1,104,FashionPanel,Right/GudiePanel1,0,0,,1013,-124,-178,,,1,0,0,
时装引导,10304,103,4,0,0,1,104,FashionPanel,center/unlockButton,1,600,,1014,167,41,,,1,0,0,
时装引导,10305,103,5,0,0,1,104,FashionPanel,center/wearButton,0,0,,1015,139,30,,,1,0,0,
时装引导,10306,103,6,0,0,1,104,CommonLeftTopAssetsPanel,layer1/top/return/CloseButton,0,0,,0,0,0,,,2,0,0,
时装引导,10307,103,7,0,1,1,104,CommonLeftTopAssetsPanel,layer1/top/return/CloseButton,0,0,,0,0,0,,,2,0,0,
解谜引导,10401,104,1,0,0,1,104,InteractPuzzlePanel,Layer1/Center/Paint/101008,0,0,,1017,100,253,,,1,0,0,
解谜引导,10402,104,2,0,0,1,104,InteractPuzzlePanel,Layer3/Tip,0,0,,1018,-189,-109,,,1,0,0,
解谜引导,10403,104,3,0,1,1,104,InteractPuzzlePanel,Layer1/Center/Paint/101003,0,0,,1019,65,250,,,1,0,0,
英雄升级引导,10501,105,1,0,0,1,104,MainCityNewPanel,1,0,0,,1011,-413,74,,,2,0,0,
英雄升级引导,10502,105,2,0,0,1,104,HeroLeftGridPanel,layer/left/bg/HeroList/Scroll View/Viewport/Content/heroCell_201,1,500,,1099,34,-97,,,1,0,0,
英雄升级引导,10503,105,3,0,0,1,104,HeroLeftGridPanel,layer/right/StrengthenBtn,1,500,,1022,-449,117,,,2,0,0,
英雄升级引导,10504,105,4,0,0,1,104,NurturanceTagButtonsPanel,layer1/left/leftToggle/root2/attributeUp,1,500,,1104,194,61,,,1,0,0,
英雄升级引导,10505,105,5,0,0,1,104,NurturanceLevelUpPanel,layer1/right/upgrade/Experiencevalue/button/GoLevUpButton,1,500,,1024,-256,195,,,2,0,0,
英雄升级引导,10506,105,6,0,0,1,102,AttributeUpDetailPanel,,0,0,,0,0,0,,,2,0,0,
英雄升级引导,10507,105,7,0,0,1,103,AttributeUpDetailPanel,,0,0,,0,0,0,,,2,0,0,
英雄升级引导,10508,105,8,0,0,1,104,CommonLeftTopAssetsPanel,layer1/top/return/CloseButton/scaleRoot/return,1,500,,1053,173,25,,,1,0,0,
英雄升级引导,10509,105,9,0,0,1,104,CommonLeftTopAssetsPanel,layer1/top/return/CloseButton/scaleRoot/return,0,0,,1054,173,25,,,1,0,0,
英雄升级引导,10510,105,10,0,1,4,0,,,0,0,,1077,0,0,,,0,0,0,
编队引导,10601,106,1,0,0,1,104,InstanceBtnPanel,bottomRight/FormationBtn,0,0,,1025,-225,182,,,2,0,0,
编队引导,10602,106,2,0,0,1,102,HeroFormationMainPanel,,0,0,,0,0,0,,,0,0,0,
编队引导,10603,106,3,0,0,1,106,HeroFormationMainPanel,GuidePanel01,0,0,,1026,142,366,,,1,1,0,
编队引导,10604,106,4,0,0,1,104,HeroFormationMainPanel,layer1/center/RightCenter/Confirm,1,0,,1056,-320,240,,,2,0,0,
编队引导,10605,106,5,0,1,1,1,HeroFormationMainPanel,layer1/center/LeftTop/Return/return/CloseButton/scaleRoot/return,1,0,,1054,173,25,,,1,0,0,
副本道具引导,10701,107,1,0,0,1,104,DungeonsToolsPanel,rightbottom/props/PropCell(Clone)/itempic,0,0,,1027,-326,214,,,2,0,0,
副本道具引导,10702,107,2,0,1,1,104,DungeonsToolsPanel,Center/CopyPropPanel/bg/UseBtn,1,100,,1028,-88,407,,,1,0,0,
装备强化引导,10801,108,1,0,0,1,104,MainCityNewPanel,1,0,0,,1011,-413,74,,,2,0,0,
装备强化引导,10802,108,2,0,0,1,104,HeroLeftGridPanel,layer/right/StrengthenBtn,1,500,,1022,-449,117,,,2,0,0,
装备强化引导,10803,108,3,0,0,1,104,NurturanceTagButtonsPanel,layer1/left/leftToggle/root3/equipment,1,500,,1030,194,61,,,1,0,0,
装备强化引导,10804,108,4,0,0,1,104,EquipEnhancePanel,layer1/right/Strengthen/button/enhanceOne/scaleRoot/backgroup,1,500,,1031,-200,191,,,2,0,0,
装备强化引导,10805,108,5,0,0,1,102,AttributeUpDetailPanel,,0,0,,0,0,0,,,1,0,0,
装备强化引导,10806,108,6,0,0,1,103,AttributeUpDetailPanel,,0,0,,0,0,0,,,1,0,0,
装备强化引导,10807,108,7,0,0,1,104,EquipSlotPanel,layer1/center/slot/group/equipitemcell2/itembtn/equippic,1,500,,1032,184,70,,,1,0,0,
装备强化引导,10808,108,8,0,0,1,104,EquipEnhancePanel,layer1/right/Strengthen/button/enhanceOne/scaleRoot/backgroup,0,0,,1033,-225,229,,,2,0,0,
装备强化引导,10809,108,9,0,1,4,0,,,0,0,,1079,0,0,,,0,0,0,
本命升级助力引导,10901,109,1,0,0,1,104,MainCityNewPanel,2,0,0,,3015,-413,74,,,2,0,0,
本命升级助力引导,10902,109,2,0,0,1,104,EudemonsDetailListPanel,layer1/right/Rightdetailed/BelowButton/BeginStrengthen/scaleRoot/backgroup,1,800,,3016,-359,251,,,2,0,0,
本命升级助力引导,10903,109,3,0,0,1,104,EudemonsDevelopPanel,layer1/right/Right/uplevpage/nomax/GoLevUpButton/scaleRoot/backgroup,1,800,,1069,-359,251,,,2,0,0,
本命升级助力引导,10904,109,4,0,0,1,102,AttributeUpDetailPanel,,0,0,,0,0,0,,,2,0,0,
本命升级助力引导,10905,109,5,0,0,1,103,AttributeUpDetailPanel,,0,0,,0,0,0,,,2,0,0,
本命升级助力引导,10906,109,6,0,0,1,104,CommonLeftTopAssetsPanel,layer1/top/return/CloseButton/scaleRoot/return,1,500,,3017,173,25,,,1,0,0,
本命升级助力引导,10907,109,7,0,0,1,104,CommonLeftTopAssetsPanel,layer1/top/return/CloseButton/scaleRoot/return,0,0,,0,0,0,,,1,0,0,
本命升级助力引导,10908,109,8,0,0,1,104,MainCityNewPanel,1,0,0,,1011,-413,74,,,2,0,0,
本命升级助力引导,10909,109,9,0,0,1,104,HeroLeftGridPanel,layer/right/StrengthenBtn,1,500,,1022,-449,117,,,2,0,0,
本命升级助力引导,10910,109,10,0,0,1,104,NurturanceTagButtonsPanel,layer1/left/leftToggle/root5/pet,1,500,,1034,194,61,,,1,0,0,
本命升级助力引导,10911,109,11,0,0,1,104,NurturancePetPanel,layer1/right/Assistance/Root1/Assistance/PetCell,1,500,,1035,-462,62,,,2,0,0,
本命升级助力引导,10912,109,12,0,0,1,104,NurturancePetPanel,layer1/right/Choice/Pet/Fate/Scroll View/Viewport/GuidePanel01,0,0,,1036,-1,-116,,,1,0,0,
本命升级助力引导,10913,109,13,0,0,1,104,NurturancePetPanel,layer1/right/Assistance/Root1/Assistance/Button/tmpbtns/yesBtn/scaleRoot/backgroup,0,0,,0,0,0,,,0,0,0,
本命升级助力引导,10914,109,14,0,0,1,104,CommonLeftTopAssetsPanel,layer1/top/return/CloseButton/scaleRoot/return,0,0,,1053,173,25,,,1,0,0,
本命升级助力引导,10915,109,15,0,0,1,104,CommonLeftTopAssetsPanel,layer1/top/return/CloseButton/scaleRoot/return,0,0,,1054,173,25,,,1,0,0,
本命升级助力引导,10916,109,16,0,1,4,0,,,0,0,,1080,0,0,,,0,0,0,
对白选项引导,11001,110,1,0,0,1,102,InteractButtonPanel,,0,0,,0,0,0,,,0,0,0,
对白选项引导,11002,110,2,0,0,1,104,InteractButtonPanel,NextBtns/UpBtn,0,0,,1048,169,-54,,,1,0,0,
占卜英雄引导,11101,111,1,0,0,1,104,MainCityNewPanel,8,0,0,,1037,-413,74,,,2,0,0,
占卜英雄引导,11102,111,2,0,0,1,104,CallMainPanel,Center/Card/Hero/HeroCallBtn,0,0,,1038,-173,211,,,2,0,0,
占卜英雄引导,11103,111,3,0,0,1,104,CallMainPanel,Center/Card/HeroCall2/SpecialOnece,1,1200,,1039,-143,215,,,2,0,0,
占卜英雄引导,11104,111,4,0,0,1,108,CallMainPanel,Center/Card/BallBtn,0,0,,0,0,0,,,0,0,0,
占卜英雄引导,11105,111,5,0,0,4,0,,,0,0,,1081,0,0,,,0,0,0,
装备进阶引导,11201,112,1,0,0,1,104,MainCityNewPanel,1,0,0,,1011,-413,74,,,2,0,0,
装备进阶引导,11202,112,2,0,0,1,104,HeroLeftGridPanel,layer/right/StrengthenBtn,1,500,,1022,-449,117,,,2,0,0,
装备进阶引导,11203,112,3,0,0,1,104,NurturanceTagButtonsPanel,layer1/left/leftToggle/root3/equipment,1,500,,1030,206,84,,,1,0,0,
装备进阶引导,11204,112,4,0,0,1,104,EquipSlotPanel,layer1/right/switch/Orderbtn/Background,1,500,,1041,-184,-23,,,2,0,0,
装备进阶引导,11205,112,5,0,0,1,104,EquipUplevelPanel,layer1/right/Advanced/nullstatus/SelectMatBtn/scaleRoot/Starbtn,0,0,,1042,-253,241,,,2,0,0,
装备进阶引导,11206,112,6,0,0,1,104,EquipUplevelPanel,layer2/right/matbg/Scroll View/Viewport/guidePanel02,0,0,,1043,191,90,,,1,0,0,
装备进阶引导,11207,112,7,0,0,1,104,EquipUplevelPanel,layer2/right/matbg/Scroll View/Viewport/guidePanel01,0,0,,1067,104,-133,,,1,0,0,
装备进阶引导,11208,112,8,0,0,1,104,EquipUplevelPanel,layer1/right/Advanced/button/UpBtn/scaleRoot/Starbtn,0,0,,1044,-390,216,,,2,0,0,
装备进阶引导,11209,112,9,0,0,4,0,,,0,0,,1083,0,0,,,0,0,0,
装备升星引导,11301,113,1,0,0,1,104,MainCityNewPanel,1,0,0,,1011,-413,74,,,2,0,0,
装备升星引导,11302,113,2,0,0,1,104,HeroLeftGridPanel,layer/right/StrengthenBtn,1,500,,1022,-449,117,,,2,0,0,
装备升星引导,11303,113,3,0,0,1,104,NurturanceTagButtonsPanel,layer1/left/leftToggle/root3/equipment,1,500,,1030,206,84,,,1,0,0,
装备升星引导,11304,113,4,0,0,1,104,EquipSlotPanel,layer1/right/switch/risebtn/Background,1,500,,1045,-110,-93,,,2,0,0,
装备升星引导,11305,113,5,0,1,1,104,EquipUpstarPanel,layer1/right/Ascendingstar/button/UpGradeBtn/scaleRoot/Starbtn,0,0,,1046,-177,312,,,2,0,0,
装备升星引导,11306,113,6,0,0,4,0,,,0,0,,1082,0,0,,,0,0,0,
采集功能引导,11401,114,1,0,0,1,102,CollectionLoadingPanel,,0,0,,0,0,0,,,0,0,0,
采集功能引导,11402,114,2,0,0,1,100,CollectionLoadingPanel,collectbtn,0,0,,0,0,0,,,0,0,0,
采集功能引导,11403,114,3,0,1,1,101,CollectionLoadingPanel,,0,0,,0,0,0,,,0,0,0,
对白交互引导,11501,115,1,0,0,1,1,InteractButtonPanel,MidAnchor/dongzuo/putongzhandou/item,0,0,,0,0,0,,,0,0,0,
对白交互引导,11502,115,2,0,1,1,101,InteractButtonPanel,,0,0,,0,0,0,,,0,0,0,
退出副本引导,11601,116,1,0,0,1,104,InstanceBtnPanel,TopRight/OpentExitBtn,0,0,,1055,80,261,,,1,0,0,
离开解谜屋引导,11701,117,1,0,1,1,108,InteractPuzzlePanel,Layer1/RightTop/ExitButton,0,0,,1021,210,-34,,,1,0,0,
对白选项引导加延迟,11801,118,1,0,0,1,102,InteractButtonPanel,,0,0,,0,0,0,,,2,0,0,
对白选项引导加延迟,11802,118,2,0,1,1,104,InteractButtonPanel,NextBtns/UpBtn,0,0,,1048,-54,-54,,,2,0,0,
回城功能引导,11901,119,1,0,1,1,104,MainCommonPanel,top/map/BtnFlyMap,0,0,,1084,-413,17,,,2,0,0,
竞技场引导,12001,120,1,0,0,1,104,MainCityNewPanel,3,0,0,,1071,-103,182,,,2,0,0,
竞技场引导,12002,120,2,0,0,1,1,ArenaEntrancePanel,layer1/center/JjcBtn/scaleRoot/unlock/backgroup,0,0,,1072,-501,124,,,2,0,0,
好友功能引导,12101,121,1,0,0,1,104,MainCityNewPanel,16,0,0,,1074,-34,236,,,1,0,0,
好友功能引导,12102,121,2,0,0,1,104,FriendMainPanel,layer1/left/leftToggle/togAdd,1,300,,1106,214,75,,,1,0,0,
好友功能引导,12103,121,3,0,0,1,104,FriendMainPanel,layer1/right/Add/BtnAddAll,0,0,,1107,-265,207,,,2,0,0,
副本目标寻路引导,12201,122,1,0,0,1,104,LeftTaskPanel,leftOn/Scroll View/Viewport/Content/task1,1,100,,1078,-43,-68,,,1,0,0,
进入战斗引导,20001,200,1,0,0,1,100,RegionTriggerPanel,RootCell/MonsterGroupCell/background/attackButton,0,0,,1002,400,80,,,0,0,0,
进入建筑引导,20101,201,1,0,0,1,100,RegionTriggerPanel,RootCell/RegionCommonCell/background/Button,0,0,,1001,400,80,,,0,0,0,
技能升级引导,30101,301,1,0,0,1,104,MainCityNewPanel,1,0,0,,1011,-413,74,,,2,0,0,
技能升级引导,30102,301,2,0,0,1,104,HeroLeftGridPanel,layer/right/StrengthenBtn,1,500,,1022,-449,117,,,2,0,0,
技能升级引导,30103,301,3,0,0,1,104,NurturanceTagButtonsPanel,layer1/left/leftToggle/root4/skill,1,500,,1105,194,61,,,1,0,0,
技能升级引导,30104,301,4,0,0,1,1,NurturanceSkillButtonPanel,layer1/left/leftRoot/skillRoot/SkillsAndRunes/skill4/skill_root/skill,0,0,,1085,159,90,,,1,0,0,
技能升级引导,30105,301,5,0,0,1,1,NurturanceSkillButtonPanel,layer1/left/leftRoot/skillRoot/xpSkill/skill_root/skill,0,0,,0,0,0,,,0,0,0,
技能升级引导,30106,301,6,0,0,1,107,NurturanceSkillButtonPanel,layer1/right/GuidePanel01,0,0,,1086,-631,94,,,2,0,0,
技能升级引导,30107,301,7,0,0,1,104,CommonLeftTopAssetsPanel,layer1/top/return/CloseButton/scaleRoot/return,0,0,,1053,173,25,,,1,0,0,
技能升级引导,30108,301,8,0,0,1,104,CommonLeftTopAssetsPanel,layer1/top/return/CloseButton/scaleRoot/return,0,0,,1054,173,25,,,1,0,0,
羁绊引导,30201,302,1,0,0,1,104,MainCityNewPanel,1,0,0,,1011,-413,74,,,2,0,0,
羁绊引导,30202,302,2,0,0,1,104,HeroLeftGridPanel,layer/right/BtnRelationship,1,500,,1087,-466,73,,,2,0,0,
羁绊引导,30203,302,3,0,1,1,104,RelationshipPanel,layer1/right/Give/BtnGive,1,500,,1088,-230,314,,,2,0,0,
符文镶嵌引导,30301,303,1,0,0,1,104,MainCityNewPanel,1,0,0,,1011,-413,74,,,2,0,0,
符文镶嵌引导,30302,303,2,0,0,1,104,HeroLeftGridPanel,layer/right/StrengthenBtn,1,500,,1022,-449,117,,,2,0,0,
符文镶嵌引导,30303,303,3,0,0,1,104,NurturanceTagButtonsPanel,layer1/left/leftToggle/root4/skill,1,500,,1105,194,61,,,1,0,0,
符文镶嵌引导,30304,303,4,0,0,1,104,NurturanceSkillButtonPanel,layer1/right/panelRoot/switchbtn/Breach/Background,1,500,,1108,-367,-35,,,2,0,0,
符文镶嵌引导,30305,303,5,0,0,1,108,NurturanceSkillButtonPanel,layer1/left/leftRoot/skillRoot/xpSkill,0,0,,1109,182,56,,,1,0,0,
符文镶嵌引导,30306,303,6,0,0,1,104,NurturanceRunePanel,layer1/right/runeListBG/Scroll View/Viewport/GuidePanel01,0,0,,0,0,0,,,0,0,0,
符文镶嵌引导,30307,303,7,0,1,1,104,NurturanceRunePanel,layer1/right/runeListBG/InlaidBtn,0,0,,1110,-250,194,,,2,0,0,
符文升级引导,30401,304,1,0,0,1,104,MainCityNewPanel,1,0,0,,1011,-413,74,,,2,0,0,
符文升级引导,30402,304,2,0,0,1,104,HeroLeftGridPanel,layer/right/StrengthenBtn,1,500,,1022,-449,117,,,2,0,0,
符文升级引导,30403,304,3,0,0,1,104,NurturanceTagButtonsPanel,layer1/left/leftToggle/root4/skill,1,500,,1105,194,61,,,1,0,0,
符文升级引导,30404,304,4,0,0,1,108,NurturanceSkillButtonPanel,layer1/left/leftRoot/skillRoot/xpSkill,0,0,,0,0,0,,,0,0,0,
符文升级引导,30405,304,5,0,0,1,104,NurturanceSkillButtonPanel,layer1/right/panelRoot/switchbtn/Breach/Background,0,0,,0,0,0,,,0,0,0,
符文升级引导,30406,304,6,0,0,1,104,NurturanceRunePanel,layer1/right/runeListBG/Scroll View/Viewport/GuidePanel01,0,0,,0,0,0,,,0,0,0,
符文升级引导,30407,304,7,0,0,1,104,NurturanceRunePanel,layer1/right/runeListBG/GoUpBtn/scaleRoot/backgroup,0,0,,0,0,0,,,0,0,0,
符文升级引导,30408,304,8,0,1,1,107,NurturanceRunePanel,layer2/BG,0,0,,1089,333,45,,,1,0,0,
英雄突破引导,30501,305,1,0,0,1,104,MainCityNewPanel,1,0,0,,1011,-413,74,,,2,0,0,
英雄突破引导,30502,305,2,0,0,1,104,HeroLeftGridPanel,layer/right/StrengthenBtn,1,500,,1022,-449,117,,,2,0,0,
英雄突破引导,30503,305,3,0,0,1,104,NurturanceTagButtonsPanel,layer1/left/leftToggle/root2/attributeUp,1,500,,1104,194,61,,,1,0,0,
英雄突破引导,30504,305,4,0,1,1,104,NurturanceLevelUpPanel,layer1/right/upgrade/switchbtn/Breach,1,500,,0,0,0,,,0,0,0,
英雄突破引导,30505,305,5,0,1,1,104,NurturanceLevelUpPanel,layer1/right/upgrade/classpanel/Advanced/ClassButton,1,500,,0,0,0,,,0,0,0,
好友宝箱引导,30601,306,1,0,0,1,108,MainCityNewPanel,13,0,0,,0,0,0,,,0,0,0,
好友宝箱引导,30602,306,2,0,0,1,108,FriendChestMinePanel,Center/ScrollView/Viewport/Content/FriendChestMineCell/Unlock/BtnUnlock/scaleRoot/backgroup,1,500,,0,0,0,,,0,0,0,
好友宝箱引导,30603,306,3,0,0,1,104,CommonLeftTopAssetsPanel,layer1/top/return/CloseButton/scaleRoot/return,0,0,,1054,173,25,,,1,0,0,
公会系统引导,30701,307,1,0,0,1,108,MainCityNewPanel,7,0,0,,0,0,0,,,0,0,0,
公会系统引导,30702,307,2,0,0,1,107,SyndicateButtonPanel,layer1/left/Establishbg/createbtn/scaleRoot/icon,1,500,,1090,170,195,,,1,0,0,
公会系统引导,30703,307,3,0,0,1,107,SyndicateApplyListPanel,layer1/center/information/bg,0,0,,1091,-702,106,,,2,0,0,
温丽梦境引导,30801,308,1,0,0,1,108,MainCityNewPanel,12,0,0,,0,0,0,,,0,0,0,
温丽梦境引导,30802,308,2,0,0,1,104,DailyActivityMainPanel,layer1/right/Rank/Scroll View/Viewport/GuidePanel01,1,500,,0,0,0,,,1,0,0,
温丽梦境引导,30803,308,3,0,0,1,108,DreamChapterMainPanel,center/Checkpoint/Checkpoint1/click,1,2500,,0,0,0,,,1,0,0,
温丽梦境引导,30804,308,4,0,0,1,107,DreamChapterInfoPanel,right/PopupBG,0,0,,1092,-636,120,,,2,0,0,
温丽梦境引导,30805,308,5,0,0,1,108,DreamChapterInfoPanel,right/PopupBG/Upper/MonsterBtn,0,0,,1093,-402,-5,,,2,0,0,
温丽梦境引导,30806,308,6,0,0,1,107,MonsterPanel,layer1/left/skill/content/skill1,1,300,,1094,354,169,,,1,0,0,
讨伐领主引导,30901,309,1,0,0,1,108,MainCityNewPanel,9,0,0,,0,0,0,,,0,0,0,
讨伐领主引导,30902,309,2,0,0,1,108,ShareBossMainPanel,righttop/CallBossBtn/scaleRoot/backgroup,1,500,,0,0,0,,,0,0,0,
讨伐领主引导,30903,309,3,0,0,1,102,ShareBossCallPanel,,0,0,,0,0,0,,,0,0,0,
讨伐领主引导,30904,309,4,0,0,1,108,ShareBossCallPanel,center/CallBtn/scaleRoot/backgroup,1,100,,0,0,0,,,0,0,0,
讨伐领主引导,30905,309,5,0,0,1,107,ShareBossMainPanel,center/Scroll View/Viewport/Content/ShareBossCell,1,200,,1095,34,-121,,,1,0,0,
多人副本引导,31001,310,1,0,0,1,108,MainCityNewPanel,14,0,100,,3019,-413,74,,,2,0,0,
多人副本引导,31002,310,2,0,0,1,107,LimitActivityMainPanel,layer1/right/Rank/Scroll View/Viewport/GuidePanel02,1,300,,3020,-400,624,,,2,0,0,
多人副本引导,31003,310,3,0,0,5,0,,,1,2000,,0,72,0,,,2,0,0,
多人副本引导,31004,310,4,0,0,5,0,,,1,2000,,0,73,0,,,2,0,0,
骑士考核引导,31101,311,1,0,0,1,104,MainCityNewPanel,3,0,0,,0,0,0,,,0,0,0,
骑士考核引导,31102,311,2,0,0,1,108,ArenaEntrancePanel,layer1/center/KnightBtn,0,0,,0,0,0,,,0,0,0,
使用传送阵引导,31201,312,1,0,0,1,102,RegionTriggerPanel,,0,0,,0,0,0,,,0,0,0,
使用传送阵引导,31202,312,2,0,0,1,108,RegionTriggerPanel,ActionBtnObj/bg,1,300,,0,0,0,,,0,0,0,
使用传送阵引导,31203,312,3,0,0,1,108,TransferPanel,layer1/center/List/ScrollView/Viewport/Content/TransferCell(Clone)/ImgBg,0,0,,0,0,0,,,0,0,0,
使用传送阵引导,31204,312,4,0,0,1,108,TransferPanel,layer1/center/List/ScrollView/Viewport/Content/TransferCell(Clone)/ImgContent/TransferBtn(Clone)/ImgBg,1,300,,0,0,0,,,0,0,0,
问卷1引导,31301,313,1,0,0,1,104,MainCityNewPanel,17,1,100,,3018,-413,74,,,2,0,0,
问卷2引导,31401,314,1,0,0,1,104,MainCityNewPanel,18,1,100,,3018,-413,74,,,2,0,0,
,70101,701,1,1,0,0,0,,,0,0,,0,0,0,,,0,0,0,
,70102,701,2,0,0,1,2,BattleSkillPanel,effectlayerTop/auto,0,0,,0,0,0,,,0,0,0,
,70103,701,3,0,0,1,2,BattleSkillPanel,layerTop/Others/other,0,0,,0,0,0,,,0,0,0,
,70104,701,4,0,0,1,2,BattleSkillPanel,Skills/SkillinfoBtn/btn,0,0,,0,0,0,,,0,0,0,
,70105,701,5,0,0,1,2,BattleSkillPanel,Skills/DefendSkill/SkillDefendt01/Root/SkillIcon,0,0,,0,0,0,,,0,0,0,
,70106,701,6,0,0,1,2,BattleSkillPanel,Skills/DefendSkill/SkillDefendt01/Root/Button,0,0,,0,0,0,,,0,0,0,
,70107,701,7,0,0,1,2,BattleSkillPanel,Skills/DefendSkill/SkillDefendt01/Root/SkillIconTip,0,0,,0,0,0,,,0,0,0,
西蒙VS白银盾战,80001,800,1,0,0,3,15,,,0,0,,1,0,0,,,0,0,0,
西蒙VS白银盾战,80002,800,2,0,0,3,16,,,0,0,,1,0,0,,,0,0,0,
西蒙VS白银盾战,80003,800,3,0,0,3,19,,,0,0,,0,0,0,,,0,0,0,
西蒙VS白银盾战,80004,800,4,0,0,3,23,,,0,0,,2,0,0,,,0,0,0,
西蒙VS白银盾战,80005,800,5,1,0,0,0,,,0,0,,0,0,0,,,0,0,0,
西蒙VS白银盾战,80006,800,6,0,0,1,2,BattleSkillPanel,effectlayerTop/auto,0,0,,0,0,0,,,0,0,0,
西蒙VS白银盾战,80007,800,7,0,0,1,2,BattleSkillPanel,layerTop/Others/other,0,0,,0,0,0,,,0,0,0,
西蒙VS白银盾战,80008,800,8,0,0,1,2,BattleSkillPanel,Skills/SkillinfoBtn/btn,0,0,,0,0,0,,,0,0,0,
西蒙VS白银盾战,80009,800,9,0,0,1,2,BattleSkillPanel,Skills/DefendSkill/SkillDefendt01/Root,0,0,,0,0,0,,,0,0,0,
西蒙VS白银盾战,80010,800,10,0,0,3,24,,,0,0,,11,10,0,,,0,0,0,
西蒙VS白银盾战,80011,800,11,1,0,0,0,,,0,0,,0,0,0,,,0,0,0,
西蒙VS白银盾战,80012,800,12,0,0,3,3,,,0,0,,0,0,0,,,0,0,0,
西蒙VS白银盾战,80013,800,13,0,0,2,0,,,0,0,,12,0,0,,,0,0,0,
西蒙VS白银盾战,80014,800,14,0,0,3,4,,,0,0,,0,0,0,,,0,0,0,
西蒙VS白银盾战,80015,800,15,0,0,3,9,,,0,0,,11,1,0,,,0,0,0,
西蒙VS白银盾战,80016,800,16,1,0,0,0,,,0,0,,0,0,0,,,0,0,0,
西蒙VS白银盾战,80017,800,17,0,0,3,3,,,0,0,,0,0,0,,,0,0,0,
西蒙VS白银盾战,80018,800,18,0,0,2,0,,,0,0,,10,0,0,,,0,0,0,
西蒙VS白银盾战,80019,800,19,0,0,1,1,BattleSkillPanel,Skills/Skills/Skill01/Root/SkillIcon,0,0,,3000,-452,170,,,2,0,0,
西蒙VS白银盾战,80020,800,20,0,0,3,4,,,0,0,,0,0,0,,,0,0,0,
西蒙VS白银盾战,80021,800,21,0,0,3,6,,,0,0,,0,0,0,,,0,0,0,
西蒙VS白银盾战,80022,800,22,1,0,0,0,,,0,0,,0,0,0,,,0,0,0,
西蒙VS白银盾战,80023,800,23,0,0,3,3,,,0,0,,0,0,0,,,0,0,0,
西蒙VS白银盾战,80024,800,24,0,0,2,0,,,0,0,,11,0,0,,,0,0,0,
西蒙VS白银盾战,80025,800,25,0,0,1,1,BattleSkillPanel,Skills/Skills/Skill02/Root/SkillIcon,0,0,,3001,-424,110,,,2,0,0,
西蒙VS白银盾战,80026,800,26,0,0,3,4,,,0,0,,0,0,0,,,0,0,0,
西蒙VS白银盾战,80027,800,27,0,0,3,6,,,0,0,,0,0,0,,,0,0,0,
西蒙VS白银盾战,80028,800,28,1,0,0,0,,,0,0,,0,0,0,,,0,0,0,
西蒙VS白银盾战,80029,800,29,0,0,3,3,,,0,0,,0,0,0,,,0,0,0,
西蒙VS白银盾战,80030,800,30,0,0,1,1,BattleSkillPanel,Skills/Skills/Skill03/Root/SkillIcon,1,500,,3002,-261,228,,,2,0,0,
西蒙VS白银盾战,80031,800,31,0,0,3,4,,,0,0,,0,0,0,,,0,0,0,
西蒙VS熊人战士,80101,801,1,0,0,3,15,,,0,0,,3,0,0,,,0,0,0,
西蒙VS熊人战士,80102,801,2,0,0,3,16,,,0,0,,0,0,0,,,0,0,0,
西蒙VS熊人战士,80103,801,3,0,0,3,19,,,0,0,,0,0,0,,,0,0,0,
西蒙VS熊人战士,80104,801,4,0,0,3,23,,,0,0,,2,0,0,,,0,0,0,
西蒙VS熊人战士,80105,801,5,1,0,0,0,,,0,0,,0,0,0,,,0,0,0,
西蒙VS熊人战士,80106,801,6,0,0,1,2,BattleSkillPanel,effectlayerTop/auto,0,0,,0,0,0,,,0,0,0,
西蒙VS熊人战士,80107,801,7,0,0,1,2,BattleSkillPanel,layerTop/Others/other,0,0,,0,0,0,,,0,0,0,
西蒙VS熊人战士,80108,801,8,0,0,1,2,BattleSkillPanel,Skills/SkillinfoBtn/btn,0,0,,0,0,0,,,0,0,0,
西蒙VS熊人战士,80109,801,9,0,0,1,2,BattleSkillPanel,Skills/DefendSkill/SkillDefendt01/Root,0,0,,0,0,0,,,0,0,0,
西蒙VS熊人战士,80110,801,10,0,0,3,9,,,0,0,,11,1,0,,,0,0,0,
西蒙VS熊人战士,80111,801,11,1,0,0,0,,,0,0,,0,0,0,,,0,0,0,
西蒙VS熊人战士,80112,801,12,0,0,3,3,,,0,0,,0,0,0,,,0,0,0,
西蒙VS熊人战士,80113,801,13,0,0,2,0,,,0,0,,20,0,0,,,0,0,0,
西蒙VS熊人战士,80114,801,14,0,0,1,1,BattleSkillPanel,Skills/Skills/Skill01/Root/SkillIcon,0,0,,0,0,0,,,0,0,0,
西蒙VS熊人战士,80115,801,15,0,0,3,4,,,0,0,,0,0,0,,,0,0,0,
西蒙VS熊人战士,80116,801,16,0,0,3,6,,,0,0,,0,0,0,,,0,0,0,
西蒙VS熊人战士,80117,801,17,1,0,0,0,,,0,0,,0,0,0,,,0,0,0,
西蒙VS熊人战士,80118,801,18,0,0,3,3,,,0,0,,0,0,0,,,0,0,0,
西蒙VS熊人战士,80119,801,19,0,0,1,1,BattleSkillPanel,Skills/Skills/Skill02/Root/SkillIcon,1,400,,0,0,0,,,0,0,0,
西蒙VS熊人战士,80120,801,20,0,0,3,4,,,0,0,,0,0,0,,,0,0,0,
西蒙VS熊人战士,80121,801,21,0,0,3,6,,,0,0,,0,0,0,,,0,0,0,
西蒙VS熊人战士,80122,801,22,1,0,0,0,,,0,0,,0,0,0,,,0,0,0,
西蒙VS熊人战士,80123,801,23,0,0,3,3,,,0,0,,0,0,0,,,0,0,0,
西蒙VS熊人战士,80124,801,24,0,0,1,1,BattleSkillPanel,Skills/Skills/Skill03/Root/SkillIcon,1,400,,0,0,0,,,0,0,0,
西蒙VS熊人战士,80125,801,25,0,0,3,4,,,0,0,,0,0,0,,,0,0,0,
西蒙VS熊人战士,80126,801,26,0,0,3,6,,,0,0,,0,0,0,,,0,0,0,
西蒙VS熊人战士,80127,801,27,1,0,0,0,,,0,0,,0,0,0,,,0,0,0,
西蒙VS熊人战士,80128,801,28,0,0,3,3,,,0,0,,0,0,0,,,0,0,0,
西蒙VS熊人战士,80129,801,29,0,0,1,1,BattleSkillPanel,Skills/Skills/Skill04/Root/SkillIcon,1,400,,0,0,0,,,0,0,0,
西蒙VS熊人战士,80130,801,30,0,0,3,4,,,0,0,,0,0,0,,,0,0,0,
西蒙VS熊人战士,80131,801,31,0,0,3,6,,,0,0,,0,0,0,,,0,0,0,
西蒙VS熊人战士,80132,801,32,1,0,0,0,,,0,0,,0,0,0,,,0,0,0,
西蒙VS熊人战士,80133,801,33,0,0,3,3,,,0,0,,0,0,0,,,0,0,0,
西蒙VS熊人战士,80134,801,34,0,0,1,107,BattleSkillPanel,layer1/Heads/Left/hitAnimation,0,0,,3003,-75,-97,,,1,0,0,
西蒙VS熊人战士,80135,801,35,0,0,1,107,BattleSkillPanel,layer1/Heads/Left/Xp/Ep/Ep1,0,0,,3004,10,-46,,,1,0,0,
西蒙VS熊人战士,80136,801,36,0,0,2,0,,,0,0,,21,0,0,,,0,0,0,
西蒙VS熊人战士,80137,801,37,0,0,1,107,BattleSkillPanel,Skills/XpSkills/XpSkill01/Root/MoNeng/EpBg/Ep/ep,0,0,,3005,-426,178,,,2,0,0,
西蒙VS熊人战士,80138,801,38,0,0,1,107,BattleSkillPanel,Skills/XpSkills/XpSkill01/Root/SkillIconTip,0,0,,1102,-467,102,,,2,0,0,
西蒙VS熊人战士,80139,801,39,0,0,1,1,BattleSkillPanel,Skills/XpSkills/XpSkill01/Root/SkillIcon,0,0,,1103,-467,102,,,2,0,0,
西蒙VS熊人战士,80140,801,40,0,0,3,4,,,0,0,,0,0,0,,,0,0,0,
西蒙VS熊人战士,80141,801,41,0,0,3,10,,,0,0,,11,1,0,,,0,0,0,
西蒙VS熊人战士,80142,801,42,1,0,0,0,,,0,0,,0,0,0,,,0,0,0,
西蒙VS熊人战士,80143,801,43,0,0,3,3,,,0,0,,0,0,0,,,0,0,0,
西蒙VS熊人战士,80144,801,44,0,0,2,0,,,0,0,,22,0,0,,,0,0,0,
西蒙VS熊人战士,80145,801,45,0,0,1,107,BattleSkillPanel,layer1/Heads/Right/AttCount/attIconContain/AttTimes_0,0,0,,3006,-45,-105,,,2,0,0,
西蒙VS熊人战士,80146,801,46,0,0,1,107,BattleSkillPanel,layer1/Heads/Right/AttCount/attIconContain/AttTimes_1,0,0,,3007,-296,-105,,,2,0,0,
西蒙VS熊人战士,80147,801,47,0,0,3,4,,,0,0,,0,0,0,,,0,0,0,
西蒙VS温丽,80201,802,1,0,0,3,15,,,0,0,,6,0,0,,,0,0,0,
西蒙VS温丽,80202,802,2,0,0,3,23,,,0,0,,2,0,0,,,0,0,0,
西蒙VS温丽,80203,802,3,0,0,3,16,,,0,0,,0,0,0,,,0,0,0,
西蒙VS温丽,80204,802,4,0,0,3,19,,,0,0,,0,0,0,,,0,0,0,
西蒙VS温丽,80205,802,5,1,0,0,0,,,0,0,,0,0,0,,,0,0,0,
西蒙VS温丽,80206,802,6,0,0,1,2,BattleSkillPanel,effectlayerTop/auto,0,0,,0,0,0,,,0,0,0,
西蒙VS温丽,80207,802,7,0,0,1,2,BattleSkillPanel,layerTop/Others/other,0,0,,0,0,0,,,0,0,0,
西蒙VS温丽,80208,802,8,0,0,1,2,BattleSkillPanel,Skills/SkillinfoBtn/btn,0,0,,0,0,0,,,0,0,0,
西蒙VS温丽,80209,802,9,0,0,1,2,BattleSkillPanel,Skills/DefendSkill/SkillDefendt01/Root,0,0,,0,0,0,,,0,0,0,
西蒙VS温丽,80210,802,10,0,0,3,9,,,0,0,,11,1,0,,,0,0,0,
西蒙VS温丽,80211,802,11,1,0,0,0,,,0,0,,0,0,0,,,0,0,0,
西蒙VS温丽,80212,802,12,0,0,3,3,,,0,0,,0,0,0,,,0,0,0,
西蒙VS温丽,80213,802,13,0,0,2,0,,,0,0,,30,0,0,,,0,0,0,
西蒙VS温丽,80214,802,14,0,0,1,1,BattleSkillPanel,Skills/SkillinfoBtn/btn,0,0,8,3008,-346,216,,,2,0,0,
西蒙VS温丽,80215,802,15,0,0,1,107,BattleSkillPanel,SkillsInfoDesp/Info/skillInfo02/GuidePanel1,0,0,,3009,-470,179,,,2,0,0,
西蒙VS温丽,80216,802,16,0,0,1,107,BattleSkillPanel,SkillsInfoDesp/Info/skillInfo03/GuidePanel2,0,0,,3010,-484,150,,,2,0,0,
西蒙VS温丽,80217,802,17,0,0,1,1,BattleSkillPanel,Skills/SkillinfoBtn/btn,0,0,,3011,-344,203,,,2,0,0,
西蒙VS温丽,80218,802,18,0,0,2,0,,,0,0,,36,0,0,,,0,0,0,
西蒙VS温丽,80219,802,19,0,0,2,0,,,0,0,,31,0,0,,,0,0,0,
西蒙VS温丽,80220,802,20,0,0,1,1,BattleSkillPanel,Skills/Skills/Skill02/Root/SkillIcon,0,0,,0,0,0,,,0,0,0,
西蒙VS温丽,80221,802,21,0,0,3,4,,,0,0,,0,0,0,,,0,0,0,
西蒙VS温丽,80222,802,22,0,0,3,6,,,0,0,,0,0,0,,,0,0,0,
西蒙VS温丽,80223,802,23,1,0,0,0,,,0,0,,0,0,0,,,0,0,0,
西蒙VS温丽,80224,802,24,0,0,3,3,,,0,0,,0,0,0,,,0,0,0,
西蒙VS温丽,80225,802,25,0,0,2,0,,,0,0,,32,0,0,,,0,0,0,
西蒙VS温丽,80226,802,26,0,0,1,1,BattleSkillPanel,Skills/Skills/Skill04/Root/SkillIcon,0,0,,0,0,0,,,0,0,0,
西蒙VS温丽,80227,802,27,0,0,3,4,,,0,0,,0,0,0,,,0,0,0,
西蒙VS温丽,80228,802,28,0,0,3,6,,,0,0,,0,0,0,,,0,0,0,
西蒙VS温丽,80229,802,29,1,0,0,0,,,0,0,,0,0,0,,,0,0,0,
西蒙VS温丽,80230,802,30,0,0,3,3,,,0,0,,0,0,0,,,0,0,0,
西蒙VS温丽,80231,802,31,0,0,2,0,,,0,0,,33,0,0,,,0,0,0,
西蒙VS温丽,80232,802,32,0,0,1,1,BattleSkillPanel,Skills/Skills/Skill01/Root/SkillIcon,0,0,,0,0,0,,,0,0,0,
西蒙VS温丽,80233,802,33,0,0,3,4,,,0,0,,0,0,0,,,0,0,0,
西蒙VS温丽,80234,802,34,0,0,3,6,,,0,0,,0,0,0,,,0,0,0,
西蒙VS温丽,80235,802,35,1,0,0,0,,,0,0,,0,0,0,,,0,0,0,
西蒙VS温丽,80236,802,36,0,0,3,3,,,0,0,,0,0,0,,,0,0,0,
西蒙VS温丽,80237,802,37,0,0,2,0,,,0,0,,34,0,0,,,0,0,0,
西蒙VS温丽,80238,802,38,0,0,1,1,BattleSkillPanel,Skills/Skills/Skill03/Root/SkillIcon,0,0,,0,0,0,,,0,0,0,
西蒙VS温丽,80239,802,39,0,0,3,4,,,0,0,,0,0,0,,,0,0,0,
西蒙VS温丽,80240,802,40,0,0,3,6,,,0,0,,0,0,0,,,0,0,0,
西蒙VS温丽,80241,802,41,1,0,0,0,,,0,0,,0,0,0,,,0,0,0,
西蒙VS温丽,80242,802,42,0,0,3,3,,,0,0,,0,0,0,,,0,0,0,
西蒙VS温丽,80243,802,43,0,0,2,0,,,0,0,,35,0,0,,,0,0,0,
西蒙VS温丽,80244,802,44,0,0,1,1,BattleSkillPanel,Skills/XpSkills/XpSkill01/Root/SkillIcon,0,0,,0,0,0,,,0,0,0,
西蒙VS温丽,80245,802,45,0,0,3,4,,,0,0,,0,0,0,,,0,0,0,
温丽VS狼人,80301,803,1,0,0,3,15,,,0,0,,7,0,0,,,0,0,0,
温丽VS狼人,80302,803,2,0,0,3,23,,,0,0,,2,0,0,,,0,0,0,
温丽VS狼人,80303,803,3,0,0,3,16,,,0,0,,0,0,0,,,0,0,0,
温丽VS狼人,80304,803,4,0,0,3,19,,,0,0,,1,0,0,,,0,0,0,
温丽VS狼人,80305,803,5,1,0,0,0,,,0,0,,0,0,0,,,0,0,0,
温丽VS狼人,80306,803,6,0,0,1,2,BattleSkillPanel,effectlayerTop/auto,0,0,,0,0,0,,,0,0,0,
温丽VS狼人,80307,803,7,0,0,1,2,BattleSkillPanel,layerTop/Others/other,0,0,,0,0,0,,,0,0,0,
温丽VS狼人,80308,803,8,0,0,1,2,BattleSkillPanel,Skills/DefendSkill/SkillDefendt01/Root,0,0,,0,0,0,,,0,0,0,
温丽VS狼人,80309,803,9,0,0,3,3,,,0,0,,0,0,0,,,0,0,0,
温丽VS狼人,80310,803,10,0,0,2,0,,,0,0,,40,0,0,,,0,0,0,
温丽VS狼人,80311,803,11,0,0,1,107,BattleSkillPanel,layer1/RightOtherHead/SmallHeadBg01,0,0,,3012,-416,56,,,2,0,0,
温丽VS狼人,80312,803,12,0,0,1,107,BattleSkillPanel,layer1/RightOtherHead/SmallHeadBg02,0,0,,3013,-455,85,,,2,0,0,
温丽VS狼人,80313,803,13,0,0,2,0,,,0,0,,46,0,0,,,0,0,0,
温丽VS狼人,80314,803,14,0,0,3,4,,,0,0,,0,0,0,,,0,0,0,
温丽VS狼人,80315,803,15,0,0,3,9,,,0,0,,11,1,0,,,0,0,0,
温丽VS狼人,80316,803,16,1,0,0,0,,,0,0,,0,0,0,,,0,0,0,
温丽VS狼人,80317,803,17,0,0,3,3,,,0,0,,0,0,0,,,0,0,0,
温丽VS狼人,80318,803,18,0,0,2,0,,,0,0,,42,0,0,,,0,0,0,
温丽VS狼人,80319,803,19,0,0,1,1,BattleSkillPanel,Skills/Skills/Skill02/Root/SkillIcon,0,0,,0,0,0,,,0,0,0,
温丽VS狼人,80320,803,20,0,0,3,4,,,0,0,,0,0,0,,,0,0,0,
温丽VS狼人,80321,803,21,0,0,3,6,,,0,0,,0,0,0,,,0,0,0,
温丽VS狼人,80322,803,22,1,0,0,0,,,0,0,,0,0,0,,,0,0,0,
温丽VS狼人,80323,803,23,0,0,3,3,,,0,0,,0,0,0,,,0,0,0,
温丽VS狼人,80324,803,24,0,0,2,0,,,0,0,,43,0,0,,,0,0,0,
温丽VS狼人,80325,803,25,0,0,1,1,BattleSkillPanel,Skills/Skills/Skill03/Root/SkillIcon,0,0,,0,0,0,,,0,0,0,
温丽VS狼人,80326,803,26,0,0,3,4,,,0,0,,0,0,0,,,0,0,0,
温丽VS狼人,80327,803,27,0,0,3,6,,,0,0,,0,0,0,,,0,0,0,
温丽VS狼人,80328,803,28,1,0,0,0,,,0,0,,0,0,0,,,0,0,0,
温丽VS狼人,80329,803,29,0,0,3,3,,,0,0,,0,0,0,,,0,0,0,
温丽VS狼人,80330,803,30,0,0,2,0,,,0,0,,44,0,0,,,0,0,0,
温丽VS狼人,80331,803,31,0,0,1,1,BattleSkillPanel,Skills/Skills/Skill04/Root/SkillIcon,0,0,,0,0,0,,,0,0,0,
温丽VS狼人,80332,803,32,0,0,3,4,,,0,0,,0,0,0,,,0,0,0,
温丽VS狼人,80333,803,33,0,0,3,6,,,0,0,,0,0,0,,,0,0,0,
温丽VS狼人,80334,803,34,1,0,0,0,,,0,0,,0,0,0,,,0,0,0,
温丽VS狼人,80335,803,35,0,0,3,3,,,0,0,,0,0,0,,,0,0,0,
温丽VS狼人,80336,803,36,0,0,2,0,,,0,0,,45,0,0,,,0,0,0,
温丽VS狼人,80337,803,37,0,0,1,1,BattleSkillPanel,Skills/XpSkills/XpSkill01/Root/SkillIcon,0,0,,0,0,0,,,0,0,0,
温丽VS狼人,80338,803,38,0,0,3,4,,,0,0,,0,0,0,,,0,0,0,
副本偷袭引导,80401,804,1,0,0,3,15,,,0,0,,8,8,0,,,0,0,0,
副本偷袭引导,80402,804,2,0,0,3,23,,,0,0,,2,0,0,,,0,0,0,
副本偷袭引导,80403,804,3,0,0,3,16,,,0,0,,0,0,0,,,0,0,0,
副本偷袭引导,80404,804,4,0,0,3,19,,,0,0,,1,0,0,,,0,0,0,
副本偷袭引导,80405,804,5,0,0,3,14,,,0,0,,2000,0,0,,,0,0,0,
副本偷袭引导,80406,804,6,1,0,0,0,,,0,0,,0,0,0,,,0,0,0,
副本偷袭引导,80407,804,7,0,0,1,2,BattleSkillPanel,effectlayerTop/auto,0,0,,0,0,0,,,0,0,0,
副本偷袭引导,80408,804,8,0,0,1,2,BattleSkillPanel,layerTop/Others/other,0,0,,0,0,0,,,0,0,0,
副本偷袭引导,80409,804,9,0,0,1,2,BattleSkillPanel,Skills/DefendSkill/SkillDefendt01/Root,0,0,,0,0,0,,,0,0,0,
副本偷袭引导,80410,804,10,0,0,3,3,,,0,0,,0,0,0,,,0,0,0,
副本偷袭引导,80411,804,11,0,0,2,0,,,0,0,,50,0,0,,,0,0,0,
副本偷袭引导,80412,804,12,0,0,1,104,BattleSkillPanel,layer1/Heads/Right/SpectRoot/spec (4),0,0,,1063,-300,-94,,,2,0,0,
副本偷袭引导,80413,804,13,0,0,3,4,,,0,0,,0,0,0,,,0,0,0,
副本偷袭引导,80414,804,14,0,0,3,5,,,0,0,,0,0,0,,,0,0,0,
副本偷袭引导,80415,804,15,1,0,0,0,,,0,0,,0,0,0,,,0,0,0,
副本偷袭引导,80416,804,16,0,0,3,3,,,0,0,,0,0,0,,,0,0,0,
副本偷袭引导,80417,804,17,0,0,2,0,,,0,0,,51,0,0,,,0,0,0,
副本偷袭引导,80418,804,18,0,0,1,1,BattleSkillPanel,Skills/ExchangeRoleSkill/SkillExchangeRole01/Root/SkillIcon,0,0,,2001,221,66,,,1,0,0,
副本偷袭引导,80419,804,19,0,0,3,4,,,0,0,,0,0,0,,,0,0,0,
温丽、西蒙VS该影,80501,805,1,0,0,3,15,,,0,0,,8,8,0,,,0,0,0,
温丽、西蒙VS该影,80502,805,2,0,0,3,23,,,0,0,,2,0,0,,,0,0,0,
温丽、西蒙VS该影,80503,805,3,0,0,3,16,,,0,0,,0,0,0,,,0,0,0,
温丽、西蒙VS该影,80504,805,4,0,0,3,19,,,0,0,,0,0,0,,,0,0,0,
温丽、西蒙VS该影,80505,805,5,0,0,3,14,,,0,0,,1000,0,0,,,0,0,0,
温丽、西蒙VS该影,80506,805,6,1,0,0,0,,,0,0,,0,0,0,,,0,0,0,
温丽、西蒙VS该影,80507,805,7,0,0,1,2,BattleSkillPanel,effectlayerTop/auto,0,0,,0,0,0,,,0,0,0,
温丽、西蒙VS该影,80508,805,8,0,0,1,2,BattleSkillPanel,layerTop/Others/other,0,0,,0,0,0,,,0,0,0,
温丽、西蒙VS该影,80509,805,9,0,0,1,2,BattleSkillPanel,Skills/SkillinfoBtn/btn,0,0,,0,0,0,,,0,0,0,
温丽、西蒙VS该影,80510,805,10,0,0,1,2,BattleSkillPanel,Skills/DefendSkill/SkillDefendt01/Root,0,0,,0,0,0,,,0,0,0,
温丽、西蒙VS该影,80511,805,11,0,0,1,2,BattleSkillPanel,Skills/ExchangeRoleSkill/SkillExchangeRole01/Root/Button,0,0,,0,0,0,,,0,0,0,
温丽、西蒙VS该影,80512,805,12,0,0,3,20,,,0,0,,2,70,0,,,0,0,0,
温丽、西蒙VS该影,80513,805,13,0,0,3,9,,,0,0,,11,1,0,,,0,0,0,
温丽、西蒙VS该影,80514,805,14,1,0,0,0,,,0,0,,0,0,0,,,0,0,0,
温丽、西蒙VS该影,80515,805,15,0,0,3,3,,,0,0,,0,0,0,,,0,0,0,
温丽、西蒙VS该影,80516,805,16,0,0,2,0,,,0,0,,90,0,0,,,0,0,0,
温丽、西蒙VS该影,80517,805,17,0,0,1,1,BattleSkillPanel,Skills/Skills/Skill01/Root/SkillIcon,0,0,,0,0,0,,,0,0,0,
温丽、西蒙VS该影,80518,805,18,0,0,3,4,,,0,0,,0,0,0,,,0,0,0,
温丽、西蒙VS该影,80519,805,19,0,0,3,10,,,0,0,,70,1,0,,,0,0,0,
温丽、西蒙VS该影,80520,805,20,1,0,0,0,,,0,0,,0,0,0,,,0,0,0,
温丽、西蒙VS该影,80521,805,21,0,0,3,3,,,0,0,,0,0,0,,,0,0,0,
温丽、西蒙VS该影,80522,805,22,0,0,2,0,,,0,0,,91,0,0,,,0,0,0,
温丽、西蒙VS该影,80523,805,23,0,0,3,4,,,0,0,,0,0,0,,,0,0,0,
温丽、西蒙VS该影,80524,805,24,0,0,3,11,,,0,0,,0,0,0,,,0,0,0,
温丽、西蒙VS该影,80525,805,25,1,0,0,0,,,0,0,,0,0,0,,,0,0,0,
温丽、西蒙VS该影,80526,805,26,0,0,3,20,,,0,0,,2,70,0,,,0,0,0,
温丽、西蒙VS该影,80527,805,27,0,0,3,9,,,0,0,,11,1,0,,,0,0,0,
温丽、西蒙VS该影,80528,805,28,1,0,0,0,,,0,0,,0,0,0,,,0,0,0,
温丽、西蒙VS该影,80529,805,29,0,0,3,3,,,0,0,,0,0,0,,,0,0,0,
温丽、西蒙VS该影,80530,805,30,0,0,2,0,,,0,0,,92,0,0,,,0,0,0,
温丽、西蒙VS该影,80531,805,31,0,0,1,1,BattleSkillPanel,Skills/Skills/Skill01/Root/SkillIcon,0,0,,0,0,0,,,0,0,0,
温丽、西蒙VS该影,80532,805,32,0,0,3,4,,,0,0,,0,0,0,,,0,0,0,
温丽、西蒙VS该影,80533,805,33,0,0,3,20,,,0,0,,2,70,0,,,0,0,0,
温丽、西蒙VS该影,80534,805,34,0,0,3,10,,,0,0,,70,1,0,,,0,0,0,
温丽、西蒙VS该影,80535,805,35,1,0,0,0,,,0,0,,0,0,0,,,0,0,0,
温丽、西蒙VS该影,80536,805,36,0,0,3,3,,,0,0,,0,0,0,,,0,0,0,
温丽、西蒙VS该影,80537,805,37,0,0,2,0,,,0,0,,93,0,0,,,0,0,0,
温丽、西蒙VS该影,80538,805,38,0,0,3,4,,,0,0,,0,0,0,,,0,0,0,
温丽、西蒙VS该影,80539,805,39,0,0,3,10,,,0,0,,12,1,0,,,0,0,0,
温丽、西蒙VS该影,80540,805,40,1,0,0,0,,,0,0,,0,0,0,,,0,0,0,
温丽、西蒙VS该影,80541,805,41,0,0,3,3,,,0,0,,0,0,0,,,0,0,0,
温丽、西蒙VS该影,80542,805,42,0,0,2,0,,,0,0,,94,0,0,,,0,0,0,
温丽、西蒙VS该影,80543,805,43,0,0,1,107,BattleSkillPanel,Skills/DefendSkill/SkillDefendt01/Root/MoNeng/EpBg/Ep/ep,1,10,10,1101,137,179,,,1,0,0,
温丽、西蒙VS该影,80544,805,44,0,0,1,1,BattleSkillPanel,Skills/DefendSkill/SkillDefendt01/Root/SkillIcon,0,0,,1052,183,104,,,1,0,0,
温丽、西蒙VS该影,80545,805,45,0,0,1,1,BattleSkillPanel,Skills/DefendSkill/SkillDefendt01/Root/SkillIcon,0,0,,1100,183,104,,,1,0,0,
温丽、西蒙VS该影,80546,805,46,0,0,3,4,,,0,0,,0,0,0,,,0,0,0,
温丽、西蒙VS该影,80547,805,47,0,0,3,9,,,0,0,,12,1,0,,,0,0,0,
温丽、西蒙VS该影,80548,805,48,1,0,0,0,,,0,0,,0,0,0,,,0,0,0,
温丽、西蒙VS该影,80549,805,49,0,0,3,5,,,0,0,,0,0,0,,,0,0,0,
温丽、西蒙VS该影,80550,805,50,1,0,0,0,,,0,0,,0,0,0,,,0,0,0,
温丽、西蒙VS该影,80551,805,51,0,0,3,3,,,0,0,,0,0,0,,,0,0,0,
温丽、西蒙VS该影,80552,805,52,0,1,2,0,,,0,0,,95,0,0,,,0,0,0,
温丽、西蒙VS该影,80553,805,53,0,0,3,18,,,0,0,,0,0,0,,,0,0,0,
西蒙、温丽VS绝世舞姬,80601,806,1,0,0,3,15,,,0,0,,8,8,0,,,0,0,0,
西蒙、温丽VS绝世舞姬,80602,806,2,0,0,3,23,,,0,0,,2,0,0,,,0,0,0,
西蒙、温丽VS绝世舞姬,80603,806,3,0,0,3,16,,,0,0,,1,0,0,,,0,0,0,
西蒙、温丽VS绝世舞姬,80604,806,4,0,0,3,19,,,0,0,,1,0,0,,,0,0,0,
西蒙、温丽VS绝世舞姬,80605,806,5,0,0,3,14,,,0,0,,1000,0,0,,,0,0,0,
西蒙、温丽VS绝世舞姬,80606,806,6,1,0,0,0,,,0,0,,0,0,0,,,0,0,0,
西蒙、温丽VS绝世舞姬,80607,806,7,0,0,1,2,BattleSkillPanel,effectlayerTop/auto,0,0,,0,0,0,,,0,0,0,
西蒙、温丽VS绝世舞姬,80608,806,8,0,0,1,2,BattleSkillPanel,layerTop/Others/other,0,0,,0,0,0,,,0,0,0,
西蒙、温丽VS绝世舞姬,80609,806,9,0,0,1,2,BattleSkillPanel,Skills/DefendSkill/SkillDefendt01/Root,0,0,,0,0,0,,,0,0,0,
西蒙、温丽VS绝世舞姬,80610,806,10,0,0,1,2,BattleSkillPanel,Skills/ExchangeRoleSkill/SkillExchangeRole01/Root/Button,0,0,,0,0,0,,,0,0,0,
西蒙、温丽VS绝世舞姬,80611,806,11,0,0,3,25,,,0,0,,12,500,0,,,0,0,0,
西蒙、温丽VS绝世舞姬,80612,806,12,1,0,0,0,,,0,0,,0,0,0,,,0,0,0,
西蒙、温丽VS绝世舞姬,80613,806,13,0,0,3,3,,,0,0,,0,0,0,,,0,0,0,
西蒙、温丽VS绝世舞姬,80614,806,14,0,0,1,107,BattleSkillPanel,layer1/Heads/Right/AttCount/attIconContain/AttTimes_1,0,0,,1096,-249,-34,,,2,0,0,
西蒙、温丽VS绝世舞姬,80615,806,15,0,0,1,1,BattleSkillPanel,Skills/DefendSkill/SkillDefendt01/Root/SkillIcon,0,0,9,1097,166,77,,,1,0,0,
西蒙、温丽VS绝世舞姬,80616,806,16,0,0,3,4,,,0,0,,0,0,0,,,0,0,0,
西蒙、温丽VS绝世舞姬,80617,806,17,0,0,3,10,,,0,0,,11,1,0,,,0,0,0,
西蒙、温丽VS绝世舞姬,80618,806,18,1,0,0,0,,,0,0,,0,0,0,,,0,0,0,
西蒙、温丽VS绝世舞姬,80619,806,19,0,0,3,22,,,0,0,,1000,0,0,,,0,0,0,
西蒙、温丽VS绝世舞姬,80620,806,20,0,0,3,3,,,0,0,,0,0,0,,,0,0,0,
西蒙、温丽VS绝世舞姬,80621,806,21,0,0,1,1,BattleSkillPanel,Skills/DefendSkill/SkillDefendt01/Root/SkillIcon,0,0,9,1111,166,77,,,1,0,0,
西蒙、温丽VS绝世舞姬,80622,806,22,0,0,1,1,BattleSkillPanel,Skills/ExchangeRoleSkill/SkillExchangeRole01/Root/SkillIcon,0,0,10,1112,167,67,,,1,0,0,
西蒙、温丽VS绝世舞姬,80623,806,23,0,0,3,4,,,0,0,,0,0,0,,,0,0,0,
西蒙、温丽VS爱琳娜,80701,807,1,0,0,3,15,,,0,0,,10,10,0,,,0,0,0,
西蒙、温丽VS爱琳娜,80702,807,2,0,0,3,23,,,0,0,,2,0,0,,,0,0,0,
西蒙、温丽VS爱琳娜,80703,807,3,0,0,3,14,,,0,0,,1000,0,0,,,0,0,0,
西蒙、温丽VS爱琳娜,80704,807,4,0,0,3,19,,,0,0,,1,0,0,,,0,0,0,
西蒙、温丽VS爱琳娜,80705,807,5,0,0,3,16,,,0,0,,0,0,0,,,0,0,0,
西蒙、温丽VS爱琳娜,80706,807,6,1,0,0,0,,,0,0,,0,0,0,,,0,0,0,
西蒙、温丽VS爱琳娜,80707,807,7,0,0,1,2,BattleSkillPanel,effectlayerTop/auto,0,0,,0,0,0,,,0,0,0,
西蒙、温丽VS爱琳娜,80708,807,8,0,0,1,2,BattleSkillPanel,layerTop/Others/other,0,0,,0,0,0,,,0,0,0,
西蒙、温丽VS爱琳娜,80709,807,9,0,0,1,2,BattleSkillPanel,Skills/ExchangeRoleSkill/SkillExchangeRole01/Root/Button,0,0,,0,0,0,,,0,0,0,
西蒙、温丽VS爱琳娜,80710,807,10,0,0,3,9,,,0,0,,11,1,0,,,0,0,0,
西蒙、温丽VS爱琳娜,80711,807,11,1,0,0,0,,,0,0,,0,0,0,,,0,0,0,
西蒙、温丽VS爱琳娜,80712,807,12,0,0,3,3,,,0,0,,0,0,0,,,0,0,0,
西蒙、温丽VS爱琳娜,80713,807,13,0,0,2,0,,,0,0,,70,0,0,,,0,0,0,
西蒙、温丽VS爱琳娜,80714,807,14,0,0,3,4,,,0,0,,0,0,0,,,0,0,0,
西蒙、温丽VS爱琳娜,80715,807,15,0,0,3,5,,,0,0,,0,0,0,,,0,0,0,
西蒙、温丽VS爱琳娜,80716,807,16,1,0,0,0,,,0,0,,0,0,0,,,0,0,0,
西蒙、温丽VS爱琳娜,80717,807,17,0,0,3,3,,,0,0,,0,0,0,,,0,0,0,
西蒙、温丽VS爱琳娜,80718,807,18,0,0,3,22,,,0,0,,1250,0,0,,,0,0,0,
西蒙、温丽VS爱琳娜,80719,807,19,0,0,2,0,,,0,0,,71,0,0,,,0,0,0,
西蒙、温丽VS爱琳娜,80720,807,20,0,0,1,1,BattleSkillPanel,Skills/ExchangeRoleSkill/SkillExchangeRole01/Root/SkillIcon,0,0,9,0,0,0,,,0,0,0,
西蒙、温丽VS爱琳娜,80721,807,21,0,0,3,4,,,0,0,,0,0,0,,,0,0,0,
西蒙、温丽VS爱琳娜,80722,807,22,0,0,3,9,,,0,0,,11,1,0,,,0,0,0,
西蒙、温丽VS爱琳娜,80723,807,23,1,0,0,0,,,0,0,,0,0,0,,,0,0,0,
西蒙、温丽VS爱琳娜,80724,807,24,0,0,3,11,,,0,0,,0,0,0,,,0,0,0,
西蒙、温丽VS爱琳娜,80725,807,25,1,0,0,0,,,0,0,,0,0,0,,,0,0,0,
西蒙、温丽VS爱琳娜,80726,807,26,0,0,3,3,,,0,0,,0,0,0,,,0,0,0,
西蒙、温丽VS爱琳娜,80727,807,27,0,0,2,0,,,0,0,,72,0,0,,,0,0,0,
西蒙、温丽VS爱琳娜,80728,807,28,0,0,3,4,,,0,0,,0,0,0,,,0,0,0,
爱琳娜VS武装熊人,80801,808,1,0,0,3,15,,,0,0,,10,0,0,,,0,0,0,
爱琳娜VS武装熊人,80802,808,2,0,0,3,23,,,0,0,,2,0,0,,,0,0,0,
爱琳娜VS武装熊人,80803,808,3,0,0,3,16,,,0,0,,0,0,0,,,0,0,0,
爱琳娜VS武装熊人,80804,808,4,0,0,3,19,,,0,0,,1,0,0,,,0,0,0,
爱琳娜VS武装熊人,80805,808,5,0,0,3,14,,,0,0,,1000,0,0,,,0,0,0,
爱琳娜VS武装熊人,80806,808,6,1,0,0,0,,,0,0,,0,0,0,,,0,0,0,
爱琳娜VS武装熊人,80807,808,7,0,0,1,2,BattleSkillPanel,effectlayerTop/auto,0,0,,0,0,0,,,0,0,0,
爱琳娜VS武装熊人,80808,808,8,0,0,1,2,BattleSkillPanel,layerTop/Others/other,0,0,,0,0,0,,,0,0,0,
爱琳娜VS武装熊人,80809,808,9,0,0,1,2,BattleSkillPanel,Skills/DefendSkill/SkillDefendt01/Root,0,0,,0,0,0,,,0,0,0,
爱琳娜VS武装熊人,80810,808,10,0,0,3,9,,,0,0,,11,1,0,,,0,0,0,
爱琳娜VS武装熊人,80811,808,11,1,0,0,0,,,0,0,,0,0,0,,,0,0,0,
爱琳娜VS武装熊人,80812,808,12,0,0,3,3,,,0,0,,0,0,0,,,0,0,0,
爱琳娜VS武装熊人,80813,808,13,0,0,2,0,,,0,0,,80,0,0,,,0,0,0,
爱琳娜VS武装熊人,80814,808,14,0,0,1,1,BattleSkillPanel,Skills/Skills/Skill01/Root/SkillIcon,0,0,,1076,-266,234,,,2,0,0,
爱琳娜VS武装熊人,80815,808,15,0,0,3,4,,,0,0,,0,0,0,,,0,0,0,
爱琳娜VS武装熊人,80816,808,16,0,0,3,25,,,0,0,,21,1000,0,,,0,0,0,
爱琳娜VS武装熊人,80817,808,17,1,0,0,0,,,0,0,,0,0,0,,,0,0,0,
爱琳娜VS武装熊人,80818,808,18,0,0,3,22,,,0,0,,1000,0,0,,,0,0,0,
爱琳娜VS武装熊人,80819,808,19,0,0,3,3,,,0,0,,0,0,0,,,0,0,0,
爱琳娜VS武装熊人,80820,808,20,0,0,2,0,,,0,0,,81,0,0,,,0,0,0,
爱琳娜VS武装熊人,80821,808,21,0,0,1,1,BattleSkillPanel,Skills/DefendSkill/SkillDefendt01/Root/SkillIcon,0,0,9,2002,162,134,,,1,0,0,
爱琳娜VS武装熊人,80822,808,22,0,0,3,4,,,0,0,,0,0,0,,,0,0,0,
西蒙、兰奇VS萨米尔,80901,809,1,0,0,3,15,,,0,0,,1,60,0,,,0,0,0,
西蒙、兰奇VS萨米尔,80902,809,2,0,0,3,16,,,0,0,,0,0,0,,,0,0,0,
西蒙、兰奇VS萨米尔,80903,809,3,0,0,3,19,,,0,0,,0,0,0,,,0,0,0,
西蒙、兰奇VS萨米尔,80904,809,4,0,0,3,23,,,0,0,,1,0,0,,,0,0,0,
西蒙、兰奇VS萨米尔,80905,809,5,1,0,0,0,,,0,0,,0,0,0,,,0,0,0,
西蒙、兰奇VS萨米尔,80906,809,6,0,0,1,2,BattleSkillPanel,effectlayerTop/auto,0,0,,0,0,0,,,0,0,0,
西蒙、兰奇VS萨米尔,80907,809,7,0,0,1,2,BattleSkillPanel,layerTop/Others/other,0,0,,0,0,0,,,0,0,0,
西蒙、兰奇VS萨米尔,80908,809,8,0,0,1,2,BattleSkillPanel,Skills/DefendSkill/SkillDefendt01/Root,0,0,,0,0,0,,,0,0,0,
西蒙、兰奇VS萨米尔,80909,809,9,0,0,1,2,BattleSkillPanel,Skills/ExchangeRoleSkill/SkillExchangeRole01/Root/Button,0,0,,0,0,0,,,0,0,0,
西蒙、兰奇VS萨米尔,80910,809,10,0,0,1,2,BattleSkillPanel,Skills/SkillinfoBtn/btn,0,0,,0,0,0,,,0,0,0,
西蒙、兰奇VS萨米尔,80911,809,11,0,0,1,2,BattleSkillPanel,layerTop/SkillWaitSlider/BullutTime/TimeLineBg,0,0,,0,0,0,,,0,0,0,
西蒙、兰奇VS萨米尔,80912,809,12,0,0,3,14,,,0,0,,1000,0,0,,,0,0,0,
西蒙、兰奇VS萨米尔,80913,809,13,0,0,3,24,,,0,0,,11,10,0,,,0,0,0,
西蒙、兰奇VS萨米尔,80914,809,14,1,0,0,0,,,0,0,,0,0,0,,,0,0,0,
西蒙、兰奇VS萨米尔,80915,809,15,0,0,3,3,,,0,0,,0,0,0,,,0,0,0,
西蒙、兰奇VS萨米尔,80916,809,16,0,0,2,0,,,0,0,,100,0,0,,,0,0,0,
西蒙、兰奇VS萨米尔,80917,809,17,0,0,3,4,,,0,0,,0,0,0,,,0,0,0,
西蒙、兰奇VS萨米尔,80918,809,18,0,0,3,6,,,0,0,,0,0,0,,,0,0,0,
西蒙、兰奇VS萨米尔,80919,809,19,1,0,0,0,,,0,0,,0,0,0,,,0,0,0,
西蒙、兰奇VS萨米尔,80920,809,20,0,0,3,3,,,0,0,,0,0,0,,,0,0,0,
西蒙、兰奇VS萨米尔,80921,809,21,0,0,1,108,BattleSkillPanel,Skills/Skills/Skill01/Root/SkillIcon,1,400,,0,0,0,,,0,0,0,
西蒙、兰奇VS萨米尔,80922,809,22,0,0,3,4,,,0,0,,0,0,0,,,0,0,0,
西蒙、兰奇VS萨米尔,80923,809,23,0,0,3,6,,,0,0,,0,0,0,,,0,0,0,
西蒙、兰奇VS萨米尔,80924,809,24,1,0,0,0,,,0,0,,0,0,0,,,0,0,0,
西蒙、兰奇VS萨米尔,80925,809,25,0,0,3,3,,,0,0,,0,0,0,,,0,0,0,
西蒙、兰奇VS萨米尔,80926,809,26,0,0,1,108,BattleSkillPanel,Skills/Skills/Skill02/Root/SkillIcon,1,400,,0,0,0,,,0,0,0,
西蒙、兰奇VS萨米尔,80927,809,27,0,0,3,4,,,0,0,,0,0,0,,,0,0,0,
西蒙、兰奇VS萨米尔,80928,809,28,0,0,3,6,,,0,0,,0,0,0,,,0,0,0,
西蒙、兰奇VS萨米尔,80929,809,29,1,0,0,0,,,0,0,,0,0,0,,,0,0,0,
西蒙、兰奇VS萨米尔,80930,809,30,0,0,3,3,,,0,0,,0,0,0,,,0,0,0,
西蒙、兰奇VS萨米尔,80931,809,31,0,0,1,108,BattleSkillPanel,Skills/Skills/Skill03/Root/SkillIcon,1,400,,0,0,0,,,0,0,0,
西蒙、兰奇VS萨米尔,80932,809,32,0,0,3,4,,,0,0,,0,0,0,,,0,0,0,
西蒙、兰奇VS萨米尔,80933,809,33,0,0,3,5,,,0,0,,0,0,0,,,0,0,0,
西蒙、兰奇VS萨米尔,80934,809,34,1,0,0,0,,,0,0,,0,0,0,,,0,0,0,
西蒙、兰奇VS萨米尔,80935,809,35,0,0,3,3,,,0,0,,0,0,0,,,0,0,0,
西蒙、兰奇VS萨米尔,80936,809,36,0,0,2,0,,,0,0,,103,0,0,,,0,0,0,
西蒙、兰奇VS萨米尔,80937,809,37,0,0,3,4,,,0,0,,0,0,0,,,0,0,0,
西蒙、兰奇VS萨米尔,80938,809,38,0,0,3,10,,,0,0,,14,1,0,,,0,0,0,
西蒙、兰奇VS萨米尔,80939,809,39,1,0,0,0,,,0,0,,0,0,0,,,0,0,0,
西蒙、兰奇VS萨米尔,80940,809,40,0,0,3,3,,,0,0,,0,0,0,,,0,0,0,
西蒙、兰奇VS萨米尔,80941,809,41,0,0,2,0,,,0,0,,101,0,0,,,0,0,0,
西蒙、兰奇VS萨米尔,80942,809,42,0,0,1,108,BattleSkillPanel,Skills/ExchangeRoleSkill/SkillExchangeRole01/Root/SkillIcon,0,0,9,1113,161,57,,,1,0,0,
西蒙、兰奇VS萨米尔,80943,809,43,0,0,3,4,,,0,0,,0,0,0,,,0,0,0,
西蒙、兰奇VS萨米尔,80944,809,44,0,0,3,9,,,0,0,,11,1,0,,,0,0,0,
西蒙、兰奇VS萨米尔,80945,809,45,1,0,0,0,,,0,0,,0,0,0,,,0,0,0,
西蒙、兰奇VS萨米尔,80946,809,46,0,0,3,3,,,0,0,,0,0,0,,,0,0,0,
西蒙、兰奇VS萨米尔,80947,809,47,0,0,1,108,BattleSkillPanel,Skills/Skills/Skill01/Root/SkillIcon,1,400,,0,0,0,,,0,0,0,
西蒙、兰奇VS萨米尔,80948,809,48,0,0,3,4,,,0,0,,0,0,0,,,0,0,0,
西蒙、兰奇VS萨米尔,80949,809,49,0,0,3,6,,,0,0,,0,0,0,,,0,0,0,
西蒙、兰奇VS萨米尔,80950,809,50,1,0,0,0,,,0,0,,0,0,0,,,0,0,0,
西蒙、兰奇VS萨米尔,80951,809,51,0,0,3,3,,,0,0,,0,0,0,,,0,0,0,
西蒙、兰奇VS萨米尔,80952,809,52,0,0,1,108,BattleSkillPanel,Skills/Skills/Skill02/Root/SkillIcon,1,400,,0,0,0,,,0,0,0,
西蒙、兰奇VS萨米尔,80953,809,53,0,0,3,4,,,0,0,,0,0,0,,,0,0,0,
西蒙、兰奇VS萨米尔,80954,809,54,0,0,3,6,,,0,0,,0,0,0,,,0,0,0,
西蒙、兰奇VS萨米尔,80955,809,55,1,0,0,0,,,0,0,,0,0,0,,,0,0,0,
西蒙、兰奇VS萨米尔,80956,809,56,0,0,3,3,,,0,0,,0,0,0,,,0,0,0,
西蒙、兰奇VS萨米尔,80957,809,57,0,0,1,108,BattleSkillPanel,Skills/Skills/Skill03/Root/SkillIcon,1,400,,0,0,0,,,0,0,0,
西蒙、兰奇VS萨米尔,80958,809,58,0,0,3,4,,,0,0,,0,0,0,,,0,0,0,
西蒙、兰奇VS萨米尔,80959,809,59,0,0,3,9,,,0,0,,23,1,0,,,0,0,0,
西蒙、兰奇VS萨米尔,80960,809,60,1,0,0,0,,,0,0,,0,0,0,,,0,0,0,
西蒙、兰奇VS萨米尔,80961,809,61,0,0,3,3,,,0,0,,0,0,0,,,0,0,0,
西蒙、兰奇VS萨米尔,80962,809,62,0,0,2,0,,,0,0,,102,0,0,,,0,0,0,
西蒙、兰奇VS萨米尔,80963,809,63,0,0,3,18,,,0,0,,0,0,0,,,0,0,0,
木禅VS檐鬼,81001,810,1,0,0,3,15,,,0,0,,40,0,0,,,0,0,0,
木禅VS檐鬼,81002,810,2,0,0,3,23,,,0,0,,1,0,0,,,0,0,0,
木禅VS檐鬼,81003,810,3,0,0,3,16,,,0,0,,0,0,0,,,0,0,0,
木禅VS檐鬼,81004,810,4,1,0,0,0,,,0,0,,0,0,0,,,0,0,0,
木禅VS檐鬼,81005,810,5,0,0,1,2,BattleSkillPanel,layerTop/Others/other,0,0,,0,0,0,,,0,0,0,
木禅VS檐鬼,81006,810,6,0,0,1,2,BattleSkillPanel,Skills/DefendSkill/SkillDefendt01/Root,0,0,,0,0,0,,,0,0,0,
木禅VS檐鬼,81007,810,7,0,0,3,9,,,0,0,,12,1,0,,,0,0,0,
木禅VS檐鬼,81008,810,8,1,0,0,0,,,0,0,,0,0,0,,,0,0,0,
木禅VS檐鬼,81009,810,9,0,0,3,5,,,0,0,,0,0,0,,,0,0,0,
木禅VS檐鬼,81010,810,10,1,0,0,0,,,0,0,,0,0,0,,,0,0,0,
木禅VS檐鬼,81011,810,11,0,0,3,3,,,0,0,,0,0,0,,,0,0,0,
木禅VS檐鬼,81012,810,12,0,0,2,0,,,0,0,,10876,0,0,,,0,0,0,
木禅VS檐鬼,81013,810,13,0,0,3,4,,,0,0,,0,0,0,,,0,0,0,
木禅VS檐鬼,81014,810,14,0,0,3,18,,,0,0,,0,0,0,,,0,0,0,
西蒙、温丽、爱琳娜VS贪婪,81101,811,1,0,0,3,21,,,0,0,,1,0,0,,,0,0,0,
西蒙、温丽、爱琳娜VS贪婪,81102,811,2,0,0,3,23,,,0,0,,1,0,0,,,0,0,0,
西蒙、温丽、爱琳娜VS贪婪,81103,811,3,1,0,0,0,,,0,0,,0,0,0,,,0,0,0,
西蒙、温丽、爱琳娜VS贪婪,81104,811,4,0,0,1,2,BattleSkillPanel,layerTop/Others/other,0,0,,0,0,0,,,0,0,0,
西蒙、温丽、爱琳娜VS该隐,81201,812,1,0,0,3,21,,,0,0,,1,0,0,,,0,0,0,
西蒙、温丽、爱琳娜VS该隐,81202,812,2,0,0,3,23,,,0,0,,1,0,0,,,0,0,0,
西蒙、温丽、爱琳娜VS该隐,81203,812,3,0,0,3,16,,,0,0,,1,0,0,,,0,0,0,
西蒙、温丽、爱琳娜VS该隐,81204,812,4,1,0,0,0,,,0,0,,0,0,0,,,0,0,0,
温丽VS杀人蜂、工蜂、工蜂,81301,813,1,0,0,3,16,,,0,0,,0,0,0,,,0,0,0,
温丽VS杀人蜂、工蜂、工蜂,81302,813,2,0,0,3,21,,,0,0,,0,0,0,,,0,0,0,
温丽VS杀人蜂、工蜂、工蜂,81303,813,3,0,0,3,23,,,0,0,,2,0,0,,,0,0,0,
温丽VS杀人蜂、工蜂、工蜂,81304,813,4,0,0,3,15,,,0,0,,6,6,0,,,0,0,0,
温丽VS杀人蜂、工蜂、工蜂,81305,813,5,1,0,0,0,,,0,0,,0,0,0,,,0,0,0,
温丽VS杀人蜂、工蜂、工蜂,81306,813,6,0,0,1,2,BattleSkillPanel,layerTop/Others/other,0,0,,0,0,0,,,0,0,0,
西蒙、温丽VS泰雷,81401,814,1,0,0,3,16,,,0,0,,1,0,0,,,0,0,0,
西蒙、温丽VS泰雷,81402,814,2,0,0,3,14,,,0,0,,1000,0,0,,,0,0,0,
西蒙、温丽VS泰雷,81403,814,3,0,0,3,23,,,0,0,,0,0,0,,,0,0,0,
西蒙、温丽VS泰雷,81404,814,4,0,0,3,15,,,0,0,,8,8,0,,,0,0,0,
西蒙、温丽VS泰雷,81405,814,5,1,0,0,0,,,0,0,,0,0,0,,,0,0,0,
西蒙、温丽VS泰雷,81406,814,6,0,0,1,2,BattleSkillPanel,layerTop/Others/other,0,0,,0,0,0,,,0,0,0,
西蒙、温丽VS武装狼人,81501,815,1,0,0,3,16,,,0,0,,0,0,0,,,0,0,0,
西蒙、温丽VS武装狼人,81502,815,2,0,0,3,21,,,0,0,,1,0,0,,,0,0,0,
西蒙、温丽VS武装狼人,81503,815,3,0,0,3,23,,,0,0,,0,0,0,,,0,0,0,
西蒙、温丽VS武装狼人,81504,815,4,0,0,3,19,,,0,0,,1,0,0,,,0,0,0,
西蒙、温丽VS武装狼人,81505,815,5,1,0,0,0,,,0,0,,0,0,0,,,0,0,0,
西蒙、温丽VS武装狼人,81506,815,6,0,0,3,3,,,0,0,,0,0,0,,,0,0,0,
西蒙、温丽VS武装狼人,81507,815,7,0,0,2,0,,,0,0,,96,0,0,,,0,0,0,
西蒙、温丽VS武装狼人,81508,815,8,0,0,1,104,BattleSkillPanel,layer1/Heads/Right/SpectRoot/spec (4),0,0,,3014,-300,-94,,,2,0,0,
西蒙、温丽VS武装狼人,81509,815,9,0,0,3,4,,,0,0,,0,0,0,,,2,0,0,
西蒙、温丽、爱琳娜VS卫兵,81601,816,1,0,0,3,16,,,0,0,,0,0,0,,,0,0,0,
西蒙、温丽、爱琳娜VS卫兵,81602,816,2,0,0,3,21,,,0,0,,1,0,0,,,0,0,0,
西蒙、温丽、爱琳娜VS卫兵,81603,816,3,0,0,3,23,,,0,0,,2,0,0,,,0,0,0,
西蒙、温丽、爱琳娜VS卫兵,81604,816,4,0,0,3,19,,,0,0,,1,0,0,,,0,0,0,
西蒙、温丽、爱琳娜VS卫兵,81605,816,5,1,0,0,0,,,0,0,,0,0,0,,,0,0,0,
西蒙、温丽、爱琳娜VS卫兵,81606,816,6,0,0,1,2,BattleSkillPanel,layerTop/Others/other,0,0,,0,0,0,,,0,0,0,
西蒙、温丽、爱琳娜VS卫兵,81607,816,7,0,0,3,3,,,0,0,,0,0,0,,,0,0,0,
西蒙、温丽、爱琳娜VS卫兵,81608,816,8,0,0,2,0,,,0,0,,97,0,0,,,0,0,0,
西蒙、温丽、爱琳娜VS卫兵,81609,816,9,0,0,3,4,,,0,0,,0,0,0,,,0,0,0,
西蒙、温丽、爱琳娜VS卫兵,81610,816,10,0,0,3,10,,,0,0,,12,1,0,,,0,0,0,
西蒙、温丽、爱琳娜VS卫兵,81611,816,11,1,0,0,0,,,0,0,,0,0,0,,,0,0,0,
西蒙、温丽、爱琳娜VS卫兵,81612,816,12,0,0,3,3,,,0,0,,0,0,0,,,0,0,0,
西蒙、温丽、爱琳娜VS卫兵,81613,816,13,0,0,2,0,,,0,0,,98,0,0,,,0,0,0,
西蒙、温丽、爱琳娜VS卫兵,81614,816,14,0,0,3,4,,,0,0,,0,0,0,,,0,0,0,
西蒙、温丽、爱琳娜VS卫兵,81615,816,15,0,0,3,6,,,0,0,,0,0,0,,,0,0,0,
西蒙、温丽、爱琳娜VS卫兵,81616,816,16,1,0,0,0,,,0,0,,0,0,0,,,0,0,0,
西蒙、温丽、爱琳娜VS卫兵,81617,816,17,0,0,3,5,,,0,0,,0,0,0,,,0,0,0,
西蒙、温丽、爱琳娜VS卫兵,81618,816,18,1,0,0,0,,,0,0,,0,0,0,,,0,0,0,
西蒙、温丽、爱琳娜VS卫兵,81619,816,19,0,0,3,3,,,0,0,,0,0,0,,,0,0,0,
西蒙、温丽、爱琳娜VS卫兵,81620,816,20,0,0,2,0,,,0,0,,99,0,0,,,0,0,0,
西蒙、温丽、爱琳娜VS卫兵,81621,816,21,0,0,3,4,,,0,0,,0,0,0,,,0,0,0,
米兰达VS枭鹰首领,81701,817,1,0,0,3,15,,,0,0,,48,0,0,,,0,0,0,
米兰达VS枭鹰首领,81702,817,2,0,0,3,23,,,0,0,,1,0,0,,,0,0,0,
米兰达VS枭鹰首领,81703,817,3,0,0,3,16,,,0,0,,0,0,0,,,0,0,0,
米兰达VS枭鹰首领,81704,817,4,1,0,0,0,,,0,0,,0,0,0,,,0,0,0,
米兰达VS枭鹰首领,81705,817,5,0,0,1,2,BattleSkillPanel,layerTop/Others/other,0,0,,0,0,0,,,0,0,0,
米兰达VS枭鹰首领,81706,817,6,0,0,3,19,,,0,0,,1,0,0,,,0,0,0,
,81801,818,1,0,0,3,13,,,0,0,,818,0,0,,,0,0,0,
,81802,818,2,0,0,3,15,,,0,0,,60,0,0,,,0,0,0,
,81803,818,3,0,0,3,14,,,0,0,,1000,0,0,,,0,0,0,
,81804,818,4,0,0,3,23,,,0,0,,0,0,0,,,0,0,0,
,81805,818,5,0,0,3,19,,,0,0,,0,0,0,,,0,0,0,
,81806,818,6,1,0,0,0,,,0,0,,0,0,0,,,0,0,0,
,81807,818,7,0,0,3,17,,,0,0,,1,0,0,,,0,0,0,
,81808,818,8,0,0,1,2,BattleSkillPanel,effectlayerTop/auto,0,0,,0,0,0,,,0,0,0,
,81809,818,9,0,0,1,2,BattleSkillPanel,layerTop/Others/other,0,0,,0,0,0,,,0,0,0,
,81810,818,10,0,0,1,2,BattleSkillPanel,Skills/DefendSkill/SkillDefendt01/Root,0,0,,0,0,0,,,0,0,0,
,81811,818,11,0,0,3,10,,,0,0,,30,1,0,,,0,0,0,
,81812,818,12,1,0,0,0,,,0,0,,0,0,0,,,0,0,0,
,81813,818,13,0,0,3,3,,,0,0,,0,0,0,,,0,0,0,
,81814,818,14,0,0,2,0,,,0,0,,302,0,0,,,0,0,0,
,81815,818,15,0,0,3,18,,,0,0,,0,0,0,,,0,0,0,
西蒙、温丽、爱琳娜VS尼格斯,81901,819,1,0,0,3,21,,,0,0,,1,0,0,,,0,0,0,
西蒙、温丽、爱琳娜VS尼格斯,81902,819,2,0,0,3,23,,,0,0,,1,0,0,,,0,0,0,
西蒙、温丽、爱琳娜VS尼格斯,81903,819,3,1,0,0,0,,,0,0,,0,0,0,,,0,0,0,
西蒙、温丽、爱琳娜VS尼格斯,81904,819,4,0,0,1,2,BattleSkillPanel,layerTop/Others/other,0,0,,0,0,0,,,0,0,0,
,82001,820,1,0,0,3,13,,,0,0,,820,0,0,,,0,0,0,
,82002,820,2,0,0,3,14,,,0,0,,1000,0,0,,,0,0,0,
,82003,820,3,0,0,3,23,,,0,0,,0,0,0,,,0,0,0,
,82004,820,4,0,0,3,19,,,0,0,,0,0,0,,,0,0,0,
,82005,820,5,0,0,3,16,,,0,0,,0,0,0,,,0,0,0,
,82006,820,6,1,0,0,0,,,0,0,,0,0,0,,,0,0,0,
,82007,820,7,0,0,3,17,,,0,0,,1,0,0,,,0,0,0,
,82008,820,8,0,0,1,2,BattleSkillPanel,effectlayerTop/auto,0,0,,0,0,0,,,0,0,0,
,82009,820,9,0,0,1,2,BattleSkillPanel,layerTop/Others/other,0,0,,0,0,0,,,0,0,0,
,82010,820,10,0,0,1,2,BattleSkillPanel,Skills/DefendSkill/SkillDefendt01/Root,0,0,,0,0,0,,,0,0,0,
,82011,820,11,0,0,3,9,,,0,0,,30,1,0,,,0,0,0,
,82012,820,12,1,0,0,0,,,0,0,,0,0,0,,,0,0,0,
,82013,820,13,0,0,3,3,,,0,0,,0,0,0,,,0,0,0,
,82014,820,14,0,0,2,0,,,0,0,,303,0,0,,,0,0,0,
,82015,820,15,0,0,3,18,,,0,0,,0,0,0,,,0,0,0,
,82101,821,1,0,0,3,23,,,0,0,,0,0,0,,,0,0,0,
,82102,821,2,0,0,3,14,,,0,0,,1000,0,0,,,0,0,0,
,82103,821,3,0,0,3,19,,,0,0,,0,0,0,,,0,0,0,
,82104,821,4,0,0,3,16,,,0,0,,0,0,0,,,0,0,0,
,82105,821,5,1,0,0,0,,,0,0,,0,0,0,,,0,0,0,
,82106,821,6,0,0,3,17,,,0,0,,1,0,0,,,0,0,0,
,82107,821,7,0,0,1,2,BattleSkillPanel,effectlayerTop/auto,0,0,,0,0,0,,,0,0,0,
,82108,821,8,0,0,1,2,BattleSkillPanel,layerTop/Others/other,0,0,,0,0,0,,,0,0,0,
,82109,821,9,0,0,1,2,BattleSkillPanel,Skills/DefendSkill/SkillDefendt01/Root,0,0,,0,0,0,,,0,0,0,
,82110,821,10,0,0,3,9,,,0,0,,30,1,0,,,0,0,0,
,82111,821,11,1,0,0,0,,,0,0,,30,1,0,,,0,0,0,
夜崎隐VS尼格斯,82112,821,12,0,0,3,18,,,0,0,,0,0,0,,,0,0,0,
夜崎隐VS尼格斯,82113,822,13,1,0,0,0,,,0,0,,0,0,0,,,0,0,0,
夜崎隐VS尼格斯,82114,822,14,0,0,3,18,,,0,0,,0,0,0,,,0,0,0,
夜崎隐VS尼格斯,82201,822,1,0,0,3,13,,,0,0,,822,0,0,,,0,0,0,
夜崎隐VS尼格斯,82202,822,2,0,0,3,14,,,0,0,,1000,0,0,,,0,0,0,
夜崎隐VS尼格斯,82203,822,3,0,0,3,15,,,0,0,,99,0,0,,,0,0,0,
夜崎隐VS尼格斯,82204,822,4,0,0,3,23,,,0,0,,0,0,0,,,0,0,0,
夜崎隐VS尼格斯,82205,822,5,0,0,3,16,,,0,0,,0,0,0,,,0,0,0,
夜崎隐VS尼格斯,82206,822,6,0,0,3,19,,,0,0,,0,0,0,,,0,0,0,
夜崎隐VS尼格斯,82207,822,7,1,0,0,0,,,0,0,,0,0,0,,,0,0,0,
夜崎隐VS尼格斯,82208,822,8,0,0,3,17,,,0,0,,1,0,0,,,0,0,0,
夜崎隐VS尼格斯,82209,822,9,0,0,1,2,BattleSkillPanel,effectlayerTop/auto,0,0,,0,0,0,,,0,0,0,
夜崎隐VS尼格斯,82210,822,10,0,0,1,2,BattleSkillPanel,layerTop/Others/other,0,0,,0,0,0,,,0,0,0,
夜崎隐VS尼格斯,82211,822,11,0,0,1,2,BattleSkillPanel,Skills,0,0,,0,0,0,,,0,0,0,
夜崎隐VS尼格斯,82212,822,12,0,0,3,9,,,0,0,,30,1,0,,,0,0,0,
,82301,823,1,0,0,3,15,,,0,0,,10,0,0,,,0,0,0,
,82302,823,2,0,0,3,23,,,0,0,,1,0,0,,,0,0,0,
,82303,823,3,0,0,3,16,,,0,0,,0,0,0,,,0,0,0,
,82304,823,4,1,0,0,0,,,0,0,,0,0,0,,,0,0,0,
,82401,824,1,0,0,3,15,,,0,0,,10,0,0,,,0,0,0,
,82402,824,2,0,0,3,23,,,0,0,,1,0,0,,,0,0,0,
,82403,824,3,0,0,3,16,,,0,0,,0,0,0,,,0,0,0,
,82404,824,4,1,0,0,0,,,0,0,,0,0,0,,,0,0,0,
,82501,825,1,0,0,3,15,,,0,0,,10,10,0,,,0,0,0,
,82502,825,2,0,0,3,23,,,0,0,,1,0,0,,,0,0,0,
,82503,825,3,0,0,3,16,,,0,0,,0,0,0,,,0,0,0,
,82504,825,4,1,0,0,0,,,0,0,,0,0,0,,,0,0,0,
,82601,826,1,0,0,3,15,,,0,0,,10,10,0,,,0,0,0,
,82602,826,2,0,0,3,23,,,0,0,,1,0,0,,,0,0,0,
,82603,826,3,0,0,3,16,,,0,0,,0,0,0,,,0,0,0,
,82604,826,4,1,0,0,0,,,0,0,,0,0,0,,,0,0,0,
,82701,827,1,0,0,3,15,,,0,0,,10,10,10,,,0,0,0,
,82702,827,2,0,0,3,23,,,0,0,,1,0,0,,,0,0,0,
,82703,827,3,0,0,3,16,,,0,0,,0,0,0,,,0,0,0,
,82704,827,4,1,0,0,0,,,0,0,,0,0,0,,,0,0,0,
,82801,828,1,0,0,3,15,,,0,0,,10,0,0,,,0,0,0,
,82802,828,2,0,0,3,23,,,0,0,,1,0,0,,,0,0,0,
,82803,828,3,0,0,3,16,,,0,0,,0,0,0,,,0,0,0,
,82804,828,4,1,0,0,0,,,0,0,,0,0,0,,,0,0,0,
,82901,829,1,0,0,3,15,,,0,0,,10,0,0,,,0,0,0,
,82902,829,2,0,0,3,23,,,0,0,,1,0,0,,,0,0,0,
,82903,829,3,0,0,3,16,,,0,0,,0,0,0,,,0,0,0,
,82904,829,4,1,0,0,0,,,0,0,,0,0,0,,,0,0,0,
,83001,830,1,0,0,3,15,,,0,0,,10,0,0,,,0,0,0,
,83002,830,2,0,0,3,23,,,0,0,,1,0,0,,,0,0,0,
,83003,830,3,0,0,3,16,,,0,0,,0,0,0,,,0,0,0,
,83004,830,4,1,0,0,0,,,0,0,,0,0,0,,,0,0,0,
,83101,831,1,0,0,3,15,,,0,0,,10,0,0,,,0,0,0,
,83102,831,2,0,0,3,23,,,0,0,,1,0,0,,,0,0,0,
,83103,831,3,0,0,3,16,,,0,0,,0,0,0,,,0,0,0,
,83104,831,4,1,0,0,0,,,0,0,,0,0,0,,,0,0,0,
,83201,832,1,0,0,3,15,,,0,0,,10,0,0,,,0,0,0,
,83202,832,2,0,0,3,23,,,0,0,,1,0,0,,,0,0,0,
,83203,832,3,0,0,3,16,,,0,0,,0,0,0,,,0,0,0,
,83204,832,4,1,0,0,0,,,0,0,,0,0,0,,,0,0,0,
,83301,833,1,0,0,3,15,,,0,0,,10,0,0,,,0,0,0,
,83302,833,2,0,0,3,23,,,0,0,,1,0,0,,,0,0,0,
,83303,833,3,0,0,3,16,,,0,0,,0,0,0,,,0,0,0,
,83304,833,4,1,0,0,0,,,0,0,,0,0,0,,,0,0,0,
,83401,834,1,0,0,3,15,,,0,0,,10,0,0,,,0,0,0,
,83402,834,2,0,0,3,23,,,0,0,,1,0,0,,,0,0,0,
,83403,834,3,0,0,3,16,,,0,0,,0,0,0,,,0,0,0,
,83404,834,4,1,0,0,0,,,0,0,,0,0,0,,,0,0,0,
,83501,835,1,0,0,3,15,,,0,0,,10,0,0,,,0,0,0,
,83502,835,2,0,0,3,23,,,0,0,,1,0,0,,,0,0,0,
,83503,835,3,0,0,3,16,,,0,0,,0,0,0,,,0,0,0,
,83504,835,4,1,0,0,0,,,0,0,,0,0,0,,,0,0,0,
,83601,836,1,0,0,3,15,,,0,0,,10,0,0,,,0,0,0,
,83602,836,2,0,0,3,23,,,0,0,,1,0,0,,,0,0,0,
,83603,836,3,0,0,3,16,,,0,0,,0,0,0,,,0,0,0,
,83604,836,4,1,0,0,0,,,0,0,,0,0,0,,,0,0,0,
,83701,837,1,0,0,3,15,,,0,0,,10,0,0,,,0,0,0,
,83702,837,2,0,0,3,23,,,0,0,,1,0,0,,,0,0,0,
,83703,837,3,0,0,3,16,,,0,0,,0,0,0,,,0,0,0,
,83704,837,4,1,0,0,0,,,0,0,,0,0,0,,,0,0,0,
,83801,838,1,0,0,3,15,,,0,0,,10,0,0,,,0,0,0,
,83802,838,2,0,0,3,23,,,0,0,,1,0,0,,,0,0,0,
,83803,838,3,0,0,3,16,,,0,0,,0,0,0,,,0,0,0,
,83804,838,4,1,0,0,0,,,0,0,,0,0,0,,,0,0,0,
,83901,839,1,0,0,3,15,,,0,0,,10,0,0,,,0,0,0,
,83902,839,2,0,0,3,23,,,0,0,,1,0,0,,,0,0,0,
,83903,839,3,0,0,3,16,,,0,0,,0,0,0,,,0,0,0,
,83904,839,4,1,0,0,0,,,0,0,,0,0,0,,,0,0,0,
,84001,840,1,0,0,3,15,,,0,0,,10,0,0,,,0,0,0,
,84002,840,2,0,0,3,23,,,0,0,,1,0,0,,,0,0,0,
,84003,840,3,0,0,3,16,,,0,0,,0,0,0,,,0,0,0,
,84004,840,4,1,0,0,0,,,0,0,,0,0,0,,,0,0,0,
,84101,841,1,0,0,3,15,,,0,0,,10,0,0,,,0,0,0,
,84102,841,2,0,0,3,23,,,0,0,,1,0,0,,,0,0,0,
,84103,841,3,0,0,3,16,,,0,0,,0,0,0,,,0,0,0,
,84104,841,4,1,0,0,0,,,0,0,,0,0,0,,,0,0,0,
,84201,842,1,0,0,3,15,,,0,0,,10,0,0,,,0,0,0,
,84202,842,2,0,0,3,23,,,0,0,,1,0,0,,,0,0,0,
,84203,842,3,0,0,3,16,,,0,0,,0,0,0,,,0,0,0,
,84204,842,4,1,0,0,0,,,0,0,,0,0,0,,,0,0,0,
,84301,843,1,0,0,3,15,,,0,0,,10,0,0,,,0,0,0,
,84302,843,2,0,0,3,23,,,0,0,,1,0,0,,,0,0,0,
,84303,843,3,0,0,3,16,,,0,0,,0,0,0,,,0,0,0,
,84304,843,4,1,0,0,0,,,0,0,,0,0,0,,,0,0,0,
,84401,844,1,0,0,3,15,,,0,0,,10,0,0,,,0,0,0,
,84402,844,2,0,0,3,23,,,0,0,,1,0,0,,,0,0,0,
,84403,844,3,0,0,3,16,,,0,0,,0,0,0,,,0,0,0,
,84404,844,4,1,0,0,0,,,0,0,,0,0,0,,,0,0,0,
,84501,845,1,0,0,3,15,,,0,0,,10,0,0,,,0,0,0,
,84502,845,2,0,0,3,23,,,0,0,,1,0,0,,,0,0,0,
,84503,845,3,0,0,3,16,,,0,0,,0,0,0,,,0,0,0,
,84504,845,4,1,0,0,0,,,0,0,,0,0,0,,,0,0,0,
,84601,846,1,0,0,3,15,,,0,0,,10,0,0,,,0,0,0,
,84602,846,2,0,0,3,23,,,0,0,,1,0,0,,,0,0,0,
,84603,846,3,0,0,3,16,,,0,0,,0,0,0,,,0,0,0,
,84604,846,4,1,0,0,0,,,0,0,,0,0,0,,,0,0,0,
,84701,847,1,0,0,3,15,,,0,0,,10,0,0,,,0,0,0,
,84702,847,2,0,0,3,23,,,0,0,,1,0,0,,,0,0,0,
,84703,847,3,0,0,3,16,,,0,0,,0,0,0,,,0,0,0,
,84704,847,4,1,0,0,0,,,0,0,,0,0,0,,,0,0,0,
,84801,848,1,0,0,3,15,,,0,0,,10,0,0,,,0,0,0,
,84802,848,2,0,0,3,23,,,0,0,,1,0,0,,,0,0,0,
,84803,848,3,0,0,3,16,,,0,0,,0,0,0,,,0,0,0,
,84804,848,4,1,0,0,0,,,0,0,,0,0,0,,,0,0,0,
,84901,849,1,0,0,3,15,,,0,0,,10,0,0,,,0,0,0,
,84902,849,2,0,0,3,23,,,0,0,,1,0,0,,,0,0,0,
,84903,849,3,0,0,3,16,,,0,0,,0,0,0,,,0,0,0,
,84904,849,4,1,0,0,0,,,0,0,,0,0,0,,,0,0,0,
,85001,850,1,0,0,3,15,,,0,0,,10,0,0,,,0,0,0,
,85002,850,2,0,0,3,23,,,0,0,,1,0,0,,,0,0,0,
,85003,850,3,0,0,3,16,,,0,0,,0,0,0,,,0,0,0,
,85004,850,4,1,0,0,0,,,0,0,,0,0,0,,,0,0,0,
,85101,851,1,0,0,3,15,,,0,0,,10,0,0,,,0,0,0,
,85102,851,2,0,0,3,23,,,0,0,,1,0,0,,,0,0,0,
,85103,851,3,0,0,3,16,,,0,0,,0,0,0,,,0,0,0,
,85104,851,4,1,0,0,0,,,0,0,,0,0,0,,,0,0,0,
,85201,852,1,0,0,3,15,,,0,0,,10,0,0,,,0,0,0,
,85202,852,2,0,0,3,23,,,0,0,,1,0,0,,,0,0,0,
,85203,852,3,0,0,3,16,,,0,0,,0,0,0,,,0,0,0,
,85204,852,4,1,0,0,0,,,0,0,,0,0,0,,,0,0,0,
,85301,853,1,0,0,3,15,,,0,0,,10,0,0,,,0,0,0,
,85302,853,2,0,0,3,23,,,0,0,,1,0,0,,,0,0,0,
,85303,853,3,0,0,3,16,,,0,0,,0,0,0,,,0,0,0,
,85304,853,4,1,0,0,0,,,0,0,,0,0,0,,,0,0,0,
,85401,854,1,0,0,3,15,,,0,0,,10,0,0,,,0,0,0,
,85402,854,2,0,0,3,23,,,0,0,,1,0,0,,,0,0,0,
,85403,854,3,0,0,3,16,,,0,0,,0,0,0,,,0,0,0,
,85404,854,4,1,0,0,0,,,0,0,,0,0,0,,,0,0,0,
,85501,855,1,0,0,3,15,,,0,0,,10,0,0,,,0,0,0,
,85502,855,2,0,0,3,23,,,0,0,,1,0,0,,,0,0,0,
,85503,855,3,0,0,3,16,,,0,0,,0,0,0,,,0,0,0,
,85504,855,4,1,0,0,0,,,0,0,,0,0,0,,,0,0,0,
,85601,856,1,0,0,3,15,,,0,0,,10,0,0,,,0,0,0,
,85602,856,2,0,0,3,23,,,0,0,,1,0,0,,,0,0,0,
,85603,856,3,0,0,3,16,,,0,0,,0,0,0,,,0,0,0,
,85604,856,4,1,0,0,0,,,0,0,,0,0,0,,,0,0,0,
,85701,857,1,0,0,3,15,,,0,0,,10,0,0,,,0,0,0,
,85702,857,2,0,0,3,23,,,0,0,,1,0,0,,,0,0,0,
,85703,857,3,0,0,3,16,,,0,0,,0,0,0,,,0,0,0,
,85704,857,4,1,0,0,0,,,0,0,,0,0,0,,,0,0,0,
,85801,858,1,0,0,3,15,,,0,0,,10,0,0,,,0,0,0,
,85802,858,2,0,0,3,23,,,0,0,,1,0,0,,,0,0,0,
,85803,858,3,0,0,3,16,,,0,0,,0,0,0,,,0,0,0,
,85804,858,4,1,0,0,0,,,0,0,,0,0,0,,,0,0,0,
,85901,859,1,0,0,3,15,,,0,0,,10,0,0,,,0,0,0,
,85902,859,2,0,0,3,23,,,0,0,,1,0,0,,,0,0,0,
,85903,859,3,0,0,3,16,,,0,0,,0,0,0,,,0,0,0,
,85904,859,4,1,0,0,0,,,0,0,,0,0,0,,,0,0,0,
,86001,860,1,0,0,3,15,,,0,0,,10,0,0,,,0,0,0,
,86002,860,2,0,0,3,23,,,0,0,,1,0,0,,,0,0,0,
,86003,860,3,0,0,3,16,,,0,0,,0,0,0,,,0,0,0,
,86004,860,4,1,0,0,0,,,0,0,,0,0,0,,,0,0,0,
,86101,861,1,0,0,3,15,,,0,0,,10,0,0,,,0,0,0,
,86102,861,2,0,0,3,23,,,0,0,,1,0,0,,,0,0,0,
,86103,861,3,0,0,3,16,,,0,0,,0,0,0,,,0,0,0,
,86104,861,4,1,0,0,0,,,0,0,,0,0,0,,,0,0,0,
,86201,862,1,0,0,3,15,,,0,0,,10,0,0,,,0,0,0,
,86202,862,2,0,0,3,23,,,0,0,,1,0,0,,,0,0,0,
,86203,862,3,0,0,3,16,,,0,0,,0,0,0,,,0,0,0,
,86204,862,4,1,0,0,0,,,0,0,,0,0,0,,,0,0,0,
,86301,863,1,0,0,3,15,,,0,0,,10,0,0,,,0,0,0,
,86302,863,2,0,0,3,23,,,0,0,,1,0,0,,,0,0,0,
,86303,863,3,0,0,3,16,,,0,0,,0,0,0,,,0,0,0,
,86304,863,4,1,0,0,0,,,0,0,,0,0,0,,,0,0,0,
,86401,864,1,0,0,3,15,,,0,0,,10,0,0,,,0,0,0,
,86402,864,2,0,0,3,23,,,0,0,,1,0,0,,,0,0,0,
,86403,864,3,0,0,3,16,,,0,0,,0,0,0,,,0,0,0,
,86404,864,4,1,0,0,0,,,0,0,,0,0,0,,,0,0,0,
,86501,865,1,0,0,3,15,,,0,0,,10,0,0,,,0,0,0,
,86502,865,2,0,0,3,23,,,0,0,,1,0,0,,,0,0,0,
,86503,865,3,0,0,3,16,,,0,0,,0,0,0,,,0,0,0,
,86504,865,4,1,0,0,0,,,0,0,,0,0,0,,,0,0,0,
,86601,866,1,0,0,3,15,,,0,0,,10,0,0,,,0,0,0,
,86602,866,2,0,0,3,23,,,0,0,,1,0,0,,,0,0,0,
,86603,866,3,0,0,3,16,,,0,0,,0,0,0,,,0,0,0,
,86604,866,4,1,0,0,0,,,0,0,,0,0,0,,,0,0,0,